-- phpMyAdmin SQL Dump
-- version 5.1.1
-- https://www.phpmyadmin.net/
--
-- Host: localhost
-- Generation Time: Apr 28, 2022 at 11:43 AM
-- Server version: 10.4.21-MariaDB
-- PHP Version: 7.4.27

SET SQL_MODE = "NO_AUTO_VALUE_ON_ZERO";
START TRANSACTION;
SET time_zone = "+00:00";


/*!40101 SET @OLD_CHARACTER_SET_CLIENT=@@CHARACTER_SET_CLIENT */;
/*!40101 SET @OLD_CHARACTER_SET_RESULTS=@@CHARACTER_SET_RESULTS */;
/*!40101 SET @OLD_COLLATION_CONNECTION=@@COLLATION_CONNECTION */;
/*!40101 SET NAMES utf8mb4 */;

--
-- Database: `OnlineTest`
--

-- --------------------------------------------------------

--
-- Table structure for table `Admin`
--

CREATE TABLE `Admin` (
  `ID` int(11) NOT NULL,
  `full_name` varchar(150) NOT NULL,
  `national_ID` varchar(10) NOT NULL,
  `salary` int(11) DEFAULT 0
) ENGINE=InnoDB DEFAULT CHARSET=utf8mb4;

--
-- Dumping data for table `Admin`
--

INSERT INTO `Admin` (`ID`, `full_name`, `national_ID`, `salary`) VALUES
(1, 'WZATX', '3397640478', 765199),
(2, 'MKPOD', '6511720708', 3037017),
(3, 'K0Q4R', '6978110105', 933),
(4, '3J2M8', '8760111265', 27593),
(5, 'DHD6F', '3656437244', 4477),
(6, 'ABY4D', '8061977972', 1691),
(7, 'UNRSX', '4677580668', 8174),
(8, '5OS42', '6352848145', 14818),
(9, 'VYRNJ', '3482318138', 56991),
(10, 'IT9YL', '4503513270', 1765888),
(11, 'CRRHW', '2973452663', 3910213),
(12, 'WFRUO', '8935051518', 0),
(13, 'GPONQ', '7206916934', 49874),
(14, 'AFCEN', '9116478227', 3874),
(15, 'QMM35', '8681005645', 7206945),
(16, 'J4DUG', '9362412206', 456336),
(17, 'YLBD3', '9261547171', 4061),
(18, '562EJ', '7882563093', 9685971),
(19, 'FQNAP', '5707023010', 58580),
(20, 'L7KY2', '5483881114', 802540),
(21, '6UNED', '0769529569', 684288),
(22, 'ZM6HQ', '7208436695', 368017),
(23, 'P2SHM', '3124052212', 23701),
(24, 'R3SXZ', '2970115539', 3009),
(25, 'TLE9J', '8859913026', 7695053),
(26, 'QXFGL', '6433662056', 8602536),
(27, 'D12CC', '6471324664', 8674),
(28, '8L6DT', '1379821240', 981441),
(29, 'ORMD0', '4718646900', 857319),
(30, 'BGHG9', '1852575206', 8512893),
(31, '24QCX', '8959886032', 9516),
(32, '83R7X', '8277868891', 41351),
(33, 'AJAV2', '6187909611', 982141),
(34, 'QLJXN', '1972806621', 616512),
(35, 'GVQ7W', '0260253301', 865),
(36, '3TT1V', '5361752322', 7320680),
(37, 'AEPB1', '3113556626', 612),
(38, 'AAYGN', '7001796121', 7580426),
(39, 'IQ6LW', '9411936860', 613908),
(40, 'RUO0E', '2923144078', 94349),
(41, 'Q27Z9', '8971164699', 36881),
(42, 'NEPQ0', '2011577650', 61875),
(43, 'SFNVQ', '4627035931', 429387),
(44, 'P2SED', '3436520721', 177196),
(45, 'QURFN', '0785658691', 339),
(46, '1SHU9', '5481350591', 75353),
(47, '64U6T', '1264953338', 1827),
(48, '3Y7P2', '6497963288', 724),
(49, '0O5U5', '8986389277', 29766),
(50, 'XJVJ0', '3795608299', 30252),
(51, '2AXCM', '7280005957', 2041),
(52, 'DGMV2', '9764293597', 787),
(53, '83FKA', '6512105431', 7382),
(54, '6QTNR', '7946141422', 986),
(55, 'BS09K', '8140415703', 70180),
(56, 'ZZ1ST', '6193432067', 160625),
(57, '95O1X', '7580764872', 63518),
(58, '248P4', '1573922911', 1096678),
(59, 'WP4CU', '9281488121', 901),
(60, '3853M', '8333627819', 1919790),
(61, 'BIA2D', '6998015319', 8092),
(62, 'DJTP4', '5013561996', 304),
(63, 'X95RU', '0023334942', 32088),
(64, '4GGL5', '3992556628', 16723),
(65, '59RPA', '1158085432', 2678352),
(66, 'SQPDK', '5177816803', 6086373),
(67, '1G2OA', '6984337439', 975),
(68, 'V3GZD', '2059835418', 7250),
(69, 'BLGCB', '3061650706', 484316),
(70, '9ZGLH', '3376826685', 174),
(71, '409BV', '9623690939', 572),
(72, 'OJSDG', '1748727192', 946),
(73, 'XAQN0', '4811205829', 59538),
(74, 'KLI8C', '4124137437', 406471),
(75, 'X8MKA', '1688342420', 704253),
(76, 'NJK0W', '7402928400', 261094),
(77, '5LRXX', '5123593249', 1952),
(78, '6NQPB', '8382275350', 510),
(79, '3YBF2', '6410131988', 9979),
(80, 'K2HQN', '3135707055', 843),
(81, 'J7352', '7730245119', 50700),
(82, 'ZHMLU', '3989977505', 5126),
(83, 'Z4UAW', '7577982879', 8795),
(84, 'X92NL', '5705516015', 1080),
(85, 'J7UTI', '5968998673', 9611),
(86, '2LAK5', '7165584815', 8848),
(87, '77Q39', '0127559995', 29),
(88, '3CBAF', '5030977820', 33266),
(89, 'QGHGO', '9919079382', 194118),
(90, '5XA9I', '7695505262', 32),
(91, 'TZ2L6', '1356267825', 9721487),
(92, '8BRVV', '8077892775', 570),
(93, 'MHBNU', '1284233662', 6571250),
(94, 'HU4W8', '6043767091', 209230),
(95, '5VCVZ', '1521835752', 64449),
(96, '1DKEE', '4482999900', 35595),
(97, 'ZHVYS', '7725743629', 4220935),
(98, '3PD2B', '3284293771', 815),
(99, '3JWRP', '2400798144', 5316),
(100, 'IFVKH', '4141672225', 857);

-- --------------------------------------------------------

--
-- Table structure for table `Course`
--

CREATE TABLE `Course` (
  `ID` int(11) NOT NULL,
  `name` varchar(100) NOT NULL,
  `creator_ID` int(11) DEFAULT NULL
) ENGINE=InnoDB DEFAULT CHARSET=utf8mb4;

--
-- Dumping data for table `Course`
--

INSERT INTO `Course` (`ID`, `name`, `creator_ID`) VALUES
(1, 'D1E58', 87),
(2, '51Z2G', 61),
(3, 'LJACG', 94),
(4, 'OHUE6', 50),
(5, 'DZ8BI', 78),
(6, 'X6LIQ', 86),
(7, 'L0WO3', 6),
(8, '7XQHP', 33),
(9, 'KAM21', 87),
(10, 'JQBT8', 10),
(11, '4I6BP', 9),
(12, '58UJ9', 80),
(13, 'UIY4S', 85),
(14, 'Z0FYU', 2),
(15, '5FK9C', 74),
(16, '87W9A', 4),
(17, 'LGZUF', 77),
(18, 'ROOZ9', 22),
(19, 'CDCGX', 33),
(20, 'ALPNB', 36),
(21, 'VM9B0', 57),
(22, 'EQNA2', 44),
(23, '4KJEP', 52),
(24, 'F3WVT', 29),
(25, '47439', 73),
(26, 'SHDCW', 95),
(27, 'PAEFA', 36),
(28, '0SC67', 82),
(29, 'TTN4V', 36),
(30, '44JE5', 33),
(31, 'WBYSS', 62),
(32, 'R3M33', 14),
(33, 'HRCI5', 12),
(34, 'HQ3PD', 55),
(35, 'YVX5T', 7),
(36, '13ZJG', 52),
(37, 'Q15S5', 56),
(38, '2SKNS', 22),
(39, 'QDVHI', 33),
(40, 'KV5XE', 21),
(41, 'YB30O', 55),
(42, '9O81Q', 52),
(43, 'BRJV8', 66),
(44, '69K1K', 100),
(45, 'VRNHL', 57),
(46, '1FFT1', 45),
(47, 'PMQZ0', 61),
(48, '9KCLN', 76),
(49, '38GDB', 95),
(50, '9WXH5', 4),
(51, 'OXWPV', 89),
(52, 'OUPON', 99),
(53, 'LUTTC', 54),
(54, 'WZO84', 69),
(55, '8XRBD', 13),
(56, '7X092', 49),
(57, 'OLQLE', 63),
(58, 'CO1RC', 85),
(59, '7F4RF', 41),
(60, '06S03', 31),
(61, 'QURUF', 84),
(62, '9LJR7', 79),
(63, 'M3CWK', 93),
(64, '8HD76', 22),
(65, '6VOE7', 8),
(66, 'XBX6I', 69),
(67, 'SJF0S', 2),
(68, 'V27MJ', 20),
(69, 'HH613', 48),
(70, 'M4HXG', 64),
(71, 'P41UN', 20),
(72, '433AN', 48),
(73, '7AE8K', 41),
(74, 'KBSTU', 26),
(75, '06LLU', 23),
(76, 'GW6VC', 69),
(77, 'C48S3', 46),
(78, 'S76DL', 40),
(79, 'XLHNJ', 84),
(80, 'M3ORR', 83),
(81, 'OMA9E', 80),
(82, '9B9CS', 91),
(83, 'NDM2R', 65),
(84, '90XC6', 57),
(85, 'Z54LG', 47),
(86, 'J25UQ', 80),
(87, '6VY4P', 98),
(88, 'ESUCM', 1),
(89, '870SP', 12),
(90, 'TLL66', 58),
(91, 'W9C89', 54),
(92, 'Y49R5', 53),
(93, 'DSJZP', 97),
(94, '9VR9E', 98),
(95, 'ENSHW', 79),
(96, '8145J', 81),
(97, 'SLG79', 95),
(98, 'R0IBT', 71),
(99, 'M4FX0', 42),
(100, 'YK420', 93);

-- --------------------------------------------------------

--
-- Table structure for table `CourseTestDesigners`
--

CREATE TABLE `CourseTestDesigners` (
  `ID` int(11) NOT NULL,
  `testDesigner_ID` int(11) DEFAULT NULL,
  `course_ID` int(11) DEFAULT NULL
) ENGINE=InnoDB DEFAULT CHARSET=utf8mb4;

--
-- Dumping data for table `CourseTestDesigners`
--

INSERT INTO `CourseTestDesigners` (`ID`, `testDesigner_ID`, `course_ID`) VALUES
(1, 12, 25),
(2, 44, 12),
(3, 64, 52),
(4, 63, 26),
(5, 26, 22),
(6, 41, 87),
(7, 30, 65),
(8, 35, 12),
(9, 55, 64),
(10, 31, 45),
(11, 31, 100),
(12, 34, 14),
(13, 52, 72),
(14, 96, 9),
(15, 30, 35),
(16, 11, 86),
(17, 26, 61),
(18, 65, 1),
(19, 22, 94),
(20, 20, 84),
(21, 87, 28),
(22, 25, 91),
(23, 29, 9),
(24, 36, 89),
(25, 64, 44),
(26, 15, 37),
(27, 73, 23),
(28, 47, 3),
(29, 81, 11),
(30, 52, 61),
(31, 93, 51),
(32, 92, 99),
(33, 47, 82),
(34, 14, 32),
(35, 53, 80),
(36, 35, 14),
(37, 36, 77),
(38, 45, 57),
(39, 2, 70),
(40, 47, 17),
(41, 74, 80),
(42, 43, 90),
(43, 50, 57),
(44, 78, 60),
(45, 46, 98),
(46, 68, 32),
(47, 86, 9),
(48, 51, 57),
(49, 37, 44),
(50, 86, 87),
(51, 91, 96),
(52, 66, 62),
(53, 29, 22),
(54, 74, 39),
(55, 42, 51),
(56, 58, 26),
(57, 98, 21),
(58, 14, 2),
(59, 89, 75),
(60, 20, 33),
(61, 90, 21),
(62, 63, 3),
(63, 79, 22),
(64, 23, 29),
(65, 50, 29),
(66, 22, 32),
(67, 4, 77),
(68, 24, 95),
(69, 90, 89),
(70, 45, 66),
(71, 4, 50),
(72, 33, 62),
(73, 66, 90),
(74, 42, 89),
(75, 89, 43),
(76, 86, 76),
(77, 70, 82),
(78, 88, 20),
(79, 8, 28),
(80, 46, 87),
(81, 65, 35),
(82, 81, 55),
(83, 86, 47),
(84, 30, 45),
(85, 40, 46),
(86, 26, 95),
(87, 49, 77),
(88, 19, 70),
(89, 1, 70),
(90, 93, 20),
(91, 89, 89),
(92, 33, 63),
(93, 74, 89),
(94, 8, 2),
(95, 68, 33),
(96, 3, 66),
(97, 73, 99),
(98, 49, 25),
(99, 31, 80),
(100, 93, 85);

-- --------------------------------------------------------

--
-- Table structure for table `Customer`
--

CREATE TABLE `Customer` (
  `ID` int(11) NOT NULL,
  `full_name` varchar(150) NOT NULL,
  `phone_number` varchar(11) NOT NULL,
  `current_package_ID` int(11) DEFAULT 1
) ENGINE=InnoDB DEFAULT CHARSET=utf8mb4;

--
-- Dumping data for table `Customer`
--

INSERT INTO `Customer` (`ID`, `full_name`, `phone_number`, `current_package_ID`) VALUES
(1, 'AZUV4', '60547911713', 82),
(2, 'RBUMZ', '41855175022', 82),
(3, '5J4QD', '65287258206', 81),
(4, 'WFY55', '87967421980', 78),
(5, 'GLLM7', '44939413589', 10),
(6, '1YBJN', '95534557557', 65),
(7, 'ZSLJP', '88099097923', 69),
(8, 'IZF9P', '20609933451', 36),
(9, 'BXRSY', '76063657551', 69),
(10, 'IP6FY', '53842031430', 73),
(11, '3INPQ', '47175526080', 36),
(12, '1UW1M', '70198196038', 48),
(13, 'ZMNGX', '43206561966', 46),
(14, 'QNNW7', '61381678493', 98),
(15, 'HG1W9', '36465099821', 73),
(16, 'EWTA8', '25698928148', 5),
(17, 'DL9X2', '74518360190', 13),
(18, 'LGCDO', '53707351026', 17),
(19, 'IIYRU', '36866765325', 64),
(20, 'W91HK', '12284018159', 50),
(21, 'OA8CJ', '74351060708', 78),
(22, 'HA6CL', '48091548998', 24),
(23, 'P9OPZ', '50421145198', 91),
(24, 'ARCEY', '85876739863', 90),
(25, 'KJZXR', '04676440229', 84),
(26, 'MV5T8', '47542521133', 32),
(27, 'ZNWPX', '69479301032', 86),
(28, '40X55', '37669386369', 13),
(29, '6D4A4', '38961537027', 10),
(30, '127Q4', '94217086904', 33),
(31, 'W16IS', '29456926791', 75),
(32, '828NG', '74778437363', 95),
(33, '1HA6O', '54957129657', 46),
(34, 'H6BVN', '62731590465', 90),
(35, '7UOQ4', '21913529946', 59),
(36, '50HL2', '56257292934', 53),
(37, 'OGWAP', '95216891891', 57),
(38, 'M2LES', '93712928012', 90),
(39, '2CRV2', '07823326545', 49),
(40, '5TVJ7', '62122608249', 54),
(41, 'G0PK6', '24728400110', 42),
(42, 'LLZY2', '86700594502', 97),
(43, 'DZDCE', '55059005170', 24),
(44, 'TUXE6', '87194785277', 82),
(45, 'H8WAF', '97788300834', 18),
(46, 'O86NH', '07699833125', 96),
(47, 'LJT0R', '55659681799', 15),
(48, '1U5UT', '70621341929', 74),
(49, 'DAHI8', '72697364860', 96),
(50, 'BO9C6', '17618118483', 7),
(51, 'XDJFS', '14967915809', 80),
(52, '6DYG1', '32374208010', 48),
(53, 'L9B3H', '81155599017', 60),
(54, 'YX5LI', '90428027745', 12),
(55, 'DCLN4', '21549429684', 51),
(56, 'EFLU8', '50962611949', 23),
(57, 'KRJBN', '15418177809', 75),
(58, '3WV4K', '27236904051', 43),
(59, 'TLUA7', '30514806957', 79),
(60, 'TTU2U', '20586836935', 86),
(61, 'EMCQV', '05594239891', 10),
(62, '4PS8R', '04830369351', 30),
(63, 'XXLQS', '05105200150', 15),
(64, '0IZLJ', '54938961136', 71),
(65, 'FMSQQ', '08520489125', 50),
(66, '2MZXS', '05098566220', 25),
(67, 'LL6N7', '12471828913', 9),
(68, '2YK8W', '11854343642', 13),
(69, 'C091P', '01532935244', 49),
(70, 'STKIT', '41344785882', 44),
(71, 'S507R', '98365341053', 32),
(72, '5V6IE', '93714739985', 21),
(73, 'CC7SB', '89018379649', 94),
(74, 'XW6JI', '30130130654', 25),
(75, 'JGQ8Y', '91463531641', 84),
(76, 'JBE93', '33186015910', 60),
(77, 'S9WZV', '07252031687', 61),
(78, 'KF7OH', '80743732440', 22),
(79, 'UWPTM', '82869425710', 97),
(80, 'TUMY7', '47045692311', 60),
(81, 'AJNZ8', '32315235061', 51),
(82, 'SNQVG', '14746560063', 62),
(83, 'UJSZ4', '94625979463', 39),
(84, 'JANCL', '54042002009', 64),
(85, '4JLF7', '48611872763', 71),
(86, 'EBXOO', '99101388827', 7),
(87, 'KRUA4', '19638606355', 46),
(88, 'VP1P1', '98297583431', 28),
(89, 'F3UF1', '18541989377', 90),
(90, 'S4VXL', '97771585570', 70),
(91, 'T8RU8', '75376306888', 12),
(92, 'VLLWJ', '97860142932', 2),
(93, 'KJV1Q', '32859823067', 89),
(94, '3MMCG', '97360774233', 97),
(95, 'TAN7J', '91223833540', 43),
(96, 'QN4VD', '24932791778', 35),
(97, '02UNS', '53497192147', 1),
(98, '06KOA', '37081332379', 55),
(99, 'V5HCT', '70730849568', 52),
(100, 'G11Y1', '34572063323', 64);

-- --------------------------------------------------------

--
-- Table structure for table `Package`
--

CREATE TABLE `Package` (
  `ID` int(11) NOT NULL,
  `creation_time` timestamp NOT NULL DEFAULT current_timestamp(),
  `package_name` varchar(150) NOT NULL DEFAULT 'Free',
  `price` float UNSIGNED NOT NULL,
  `specifications` varchar(500) DEFAULT NULL,
  `creator_ID` int(11) DEFAULT NULL
) ENGINE=InnoDB DEFAULT CHARSET=utf8mb4;

--
-- Dumping data for table `Package`
--

INSERT INTO `Package` (`ID`, `creation_time`, `package_name`, `price`, `specifications`, `creator_ID`) VALUES
(1, '2017-12-02 06:03:20', 'TF4VV', 9757, '8N9NLU5PELZLRMWTI1UYDXNECNWNZP900GIDK6XZ8O36DQ4LTL4E7GZT3REP69AQDK58KW4BVQXVOCMDQ3SU6KMLC1H6ZLNS8ZRW8UQOL5X4QJL0A7ZSWGCQTX8HX6JD2WHZZ22PS6KZDREWZ2DK0S', 27),
(2, '2003-05-22 05:04:32', 'P30YL', 5483, '8UC8QKNNB7XJ72YWVRF8OWH1DV9UOOGA1OAKW7OZ4SWJ7Q6V34UWP6KRKXSOWCKOCNLF9K1ZVNWJ5QAIRZ2VJGVEVNO521RRNE40YQ68L90G13CMO8DK4J45E1OCJVE6O4I45OW9S2EPYB4C0M4PHE', 43),
(3, '2018-12-24 19:50:53', 'HBI1B', 8526, '95WODL3EALWT1ZIFLCEJY82UQ96TEYJZBJGOYXOR6C91J5GKWYZRLPUSIM8AABW8N3GRJKAGMQVY82G1AMI4TX2CMH5MBM90DDLITAZIYE5AE9X2P73TA4AHOM661JLMZRTQUC82F91QH9O2ZWPZUC', 87),
(4, '1994-01-03 23:40:24', 'ZNUMK', 51287, '15D7CNRF9UYWCE5CGDD9HDJ4W9VA5T5177MBKXWNQQIU9Q53869ERI6DPA6HJC1NGTCO6HJCAX7N8EDNTCZGUCMAZEJY9VUT8Y7SU9DDX9HHVC51IB9OJOOD8PUNEMOHMBVIRJL87NLXL6NY3PQ6XQ', 95),
(5, '2002-10-02 07:34:55', 'UCNL5', 152, '8LE4LYPF0FU28H4ZB0LVNNY3XKR0LJ1DV2U7B1I6BXC3F2FAI6UERNMC6YV0EVDDSZGV5O943P2UQ4PC6N2BJZUIQWLPX25OH43ZVDQ5DSVDVFFYG8LO2ZFX5S26AN7J0ODMERM1FCL84SECOU10PB', 57),
(6, '2005-01-10 23:06:57', 'QWKQR', 63915, 'K9DHWVW5CM9TGIK16VCZNFZBF4WNA0KJG5UHDWTMU27QOTYF4DY6X3PAS7B2OC3SWELI4XLOLTCDJRA8Q478MHGH0020KCXTJVKT0Q2SOKTRLXPWT5PD8H2V6UOS2CWBEPFN859AZ9UYPBPUXIFP2R', 80),
(7, '2014-06-30 16:46:26', 'XSYYC', 3015, 'STU8U8VN1NLTR8EICGIBD3EZZEVB41NVZ53MDFKCDFSLAG4GB3OQ48CAVK47NEUUPOZDOD733PRDKMQG9IFWKJRL9P056GETAZWMJ6TW0Y7XZVMUSNT2729Z7KZ2GTGZAELJ4MLOEX8HSVH98GX9B3', 78),
(8, '2008-01-07 16:49:00', 'JLDHY', 6907, '3V0SXA7JG83ZC8C4DAMV38YFFVX1L8SBZQYSDO8CIBI97EOSA6I4121XGWJV9QMATA0JCH06R3GHF4IXOR8XE08WZ5J4ZMF2SGNVNAAVF86IVCOM4TFVBANUZWMP4G13IQ0SF1J20OSHPJF06KENNQ', 27),
(9, '2016-08-08 00:52:19', 'LI5C7', 397, '5BATN9W5ROSXSCPPI05IL6I9BU0UG02LF8P1MSFWAU6KURGRZFS1UK3IWEJ8F3BO3HQ46E1MEXBFV4VFJEWB2JVCLZRFMTF55GAB4Z6QUZCAO79HIIT37D32P24U4HYQ1LZEN8F50W83PKE1X3IF4G', 70),
(10, '2009-04-26 03:13:56', 'FOJZQ', 69834, 'MSPCL6UOTNCW3TYFMMO5DE27U0SZS1UVKQ2OPZQ4AA71PDUEPYA7E7ZZ3BP1GKHZGZBZ7CO6LFU10SPB0GLOUFHEDY3AZ0VJDGNIKMUQFN817C2H7UZWTL1VJV40V83HYBR5PYDG0F2JL43G8L27LM', 79),
(11, '2005-04-28 14:55:26', '3OZAA', 621, 'JCXZ4O7J159XOVU37HQSJ1CVX562R8CORVUQAMFYNINFCTL10TROB1WYBTVFB61F6JRPKRGN05SYZNFP259N03PIXQ0PCQDFWAE3SWTRH4U66D1MJFHQU2ZB2TATBCZI81UW9IS0WDXBAEJK8TI7CQ', 14),
(12, '2020-05-07 12:30:37', 'E3XD4', 834, '69X3NC2PWKP7ASDRNBUYB813JKJIAM4T2UYP5OPYJU7NA4PAOHK4OEWEZBQORFS5LXV6JWU9ZZGB5F6U79ISXKGKZTO6QA7UT36KJ1OW8BUTZOCRKMFI6MV76TT1V0BBMSJKQ36XM4GIL1PIJGMUJR', 18),
(13, '2005-08-16 14:59:33', '2ZT97', 9217, 'J3SFMTM945GZD9L5TTWGZTVI3K3PL3NEMJ0HF4B69QO6EIMBPYG54F8JUVJB0H7VMUGC8WAOWOYEX57QE8MJLTYJ83TC7W4C48X7ILC29NYNRA6N847NZCJO39090EJF9TGKX3EYLZWNKZP9510C2A', 69),
(14, '2000-01-13 15:37:35', 'MAK2T', 52, 'I5YDSNIX4CC6OREZYMD6K1JLJJ18LNAGLU4PC6NELMLTZAD1M2CYNF5K95H72DDJBNF7VSNYSZVADC8M4ZCFLI80PEFINGF5MHAX1VTN0V4Y10YUHFHPNLE1P6G6ZHSR0WIM74D58LU2KLZWKYLLGB', 14),
(15, '2020-02-23 13:37:47', '3SDE0', 23165, 'TKVKA3QCVH3ZSON5V5PFTCRCEINPW07F0SUG77F4Y06WR4BCT3GIF7SOOFCFE03GEYZ7KBWABL4HLRX8SYR19304ZZ92VOL10CI6RY8EHR9KODN7HN1L00AGLG12FQ0LCV74BFAJLKI07BPDXOC4QV', 59),
(16, '1993-01-26 13:50:38', 'VR2S4', 96950, 'J7E1J0L64RY9355Z5L6LWJ2JISO6AZGWTV9IXBEE7KYL2BZNAE66D7BTIPG96ER3UGZMQWEFT4B9VT6V2SMJNB2WMVF1DD7KHNXO6AXIW5LNJB16UFIR0G4G3KSHSAWB966V2ONUPKODJBTNXV3IA5', 42),
(17, '2005-02-27 09:21:22', 'HUTIY', 68, 'UZW02YGON362QRFOF7N5KBB5FRU8PIW0OMWCDD3THHXZB00M7W13ATBYTYS8HDZ23LM09GH9EHKZQB7MYV7CF7SIRG49YMLMEVPCZVXHKHSVXCDCJPH5YU8L3TXGY08MJKVL0BNZZXDACBKEVOLVOF', 22),
(18, '2021-07-23 12:18:46', 'JKAF3', 97795, 'PNVB2L9HEYRSGNOLPB6666Q7M0KVO694ZRFGCCD8GKI9UEJ7RFO5J8DXG0D87M2FZ70DKHYE958WLBL70QVM7L0JG1BXJDEAAZW1X826P2SF1F6I1Q5IHPTRHC4BQV8YM9Y0FL2X94TCFROC8JXUSD', 95),
(19, '2010-01-11 10:37:10', '36NO9', 21, 'EJWYCAJS2J63SXMAZ8QUEEJWYBWLF3801FN8ZR2W6YQFMF4OBNXJHQGZHAPYAA5P6F6MVDQ6Q26HXX3NMNMH40N82LUXEAE6S0R18ZJLOJCTAEGVSKTKUSOPA0MOZPBAG75IAHCVXEJKUDHUYAINWT', 26),
(20, '2013-08-05 11:23:32', '0GEXQ', 35, 'PL8FGV6SJXI4D2ST7PASG5KCORSOAC2K0WNGEB3LTXJ3H4LZ88K6FE2064688B2II8731DSL0KK8VVU4AUUICOENV3RVIU8LWTBCHIZLMFBTSYVOF8OIKN77U0GMEM6QRU3RA0AO8XMH6WGMS61TEZ', 54),
(21, '2008-01-03 05:24:42', 'WY0ZW', 4313, 'XT0ERRBWJOO1HTJJY32S7VZSYMFIL2CRKC5FKV6MTJXRDUQ6XUZ2VBPCUPYS4Z5GWPVNEJ7XRH9WAO5776QJOXDVQYFM2LLPYVY20WD7VQ31QCZQNJRFYVFXY1446O74NVK90O48H6G1QFIULKLQPZ', 97),
(22, '1998-08-21 13:42:17', 'QPNNU', 3367, '60B64VE6OISKYP6CR6GBCMIUV4GA59NWJ4C965BOFCSWIN8SZQS6V7TCFWET04OFNJRVTKSDF5OU8R16NKO7YIBQEVVYJAG217ZIMKJKF1FH42HKWVM8DBC9BRIXH6HABD8SAQGK1RNB45W3RVT7KD', 54),
(23, '2010-03-30 02:57:31', 'GGVBL', 36, 'RVJ639EU43ICTRDHS2BL61BNBL04PD9979DZJGDE25NRY37Z7UOVBZOLI7Q3S7ZE9CGX7Q8UNUK1ROYX52UW5QKOM744BO7BSFA9CZXK4AVB93OHDRVZ21LHZ2AJ5I4HTYXPCM02UPDCG6R83AEKDZ', 60),
(24, '2007-02-22 16:03:49', 'TZTTW', 174, 'BJP24HM4ECP4ARFL9LI7OGYBKZUZCH04ACB1126SWDREIXYITYE9XKPV1E6MCU8APPH5OPGAHO417R44X8KEZ7OCYF4RQH7MJUF030NLWZNBT7Y5TJTRS4USQUYE4TLC7REPWLHITUYVEHQU19ZQKM', 57),
(25, '2009-04-13 01:50:16', 'LZI6J', 4260, '7ZFPD6VAJE1NWCG2J6JNGM1L0HOOHFY56VEB0OIUQWGL6OIO335LM17YO4DBI45W47SJS1YA5KH1MXTUI1LKW1O5BPWI0ZH5PI81NZZWNNJY80OC6VYVJ4Y0CYLEJ8PLHOMBNQ8L4TRG63O8C5VGNE', 67),
(26, '2019-09-02 09:17:20', 'T9DXS', 643, 'PWYPZPHHDTJHZFKW17TXAQSSJAS98N7I8QARZXUSDASOITY7QVS3FN9Z10I46CLGFZATD013W8O7910H9FUEA9MXPWNIASZKZRMV14Z3IO74LZHJ4O54W5URZBRCFFWE8NK1F97K1WFYS1BVAAV1RY', 68),
(27, '2011-09-26 11:55:29', 'ECYO0', 5827, '0DW4BY629C8XC5YGFH020IHWLVR85RBZHAJ732BM6U7OCNONO65ZO8QEXDQ016E9NC7B5O845IW5R74GO4BNIXLQNL2V99RBH58UMZ9NF0NADVL5VEO6HZ1FOUI9OB700EPV27906UZ40CLMWT22K7', 96),
(28, '1999-08-13 20:05:17', '2U86B', 4158, '5DHGVPG76NXN90ZHHK29DSK9TDWIN7OZ79B3QP2OCN9YZMOT5L84G6JT1COYPGTSTM7SZGU578NJTJQ7AI9CL6994ASWV1229PNV2UPTZ9R171I5EBAU67N9N6W56LC9SDQ8ELYZQ8OAQNCYDFN21S', 34),
(29, '2014-10-13 17:39:46', '4MRHZ', 90, '993NDOXBHB3SDJQF6F1ZRBSEZ89AOUU9VCIAQ1L9PRZ4W8ICQ763ZLF5903HC2LET9OWKRK96SCYM4WAPRVBHOT833TEYKYLC8SEK2INYPHDA46C4GW09RHYMWBK44K3AXQ75QQUULH8BRYGHKLX2S', 28),
(30, '2003-12-11 06:12:30', 'MF236', 465, 'ZQ3NWZ0CGV27ZUE2PE0YE128CXZML4BYH0SPUC09TD6F7GHM4L6CW6OD0K0NWJ1UH7QBJDWD3BCPUB7K80Z3DACYV367XF9ACY05I1ON6F0T5P3BD2L4GWA01KLPRBJJEJ3AEOOW7KPKNGVDZOLUC4', 75),
(31, '2019-10-03 00:52:59', '62YLO', 85409, '1LBG57D7C0FVWEN25LEDLM9KQN55KDSOQYOTNJ20J0AG16DBI9DJYWZK5M58ZNYNQP2KEKMEI59RSAADW7GJR6K02SXUNT9NQZZTLCTIKXYWDDNOF2ENKIVEV8LP36LZBO51YM2U9IDL0HLVSY8TGT', 39),
(32, '2022-01-23 19:54:01', 'QHO94', 816, 'GK3FDKAF6TAYJVPU6D0EKMJ98ZOW63EA01JQ5692AS79G9VD207YFOL42WHCIDP1C09MKUWDJOPXTDWZ0COD28TB36DRVVV70SJI7H84J73NXH2GP6P3YLKM6T7IECZZDB0HXD1E5UYA8YL7QE52K1', 15),
(33, '1993-02-07 04:58:52', '630VD', 6244, 'J9VYOHXKKWQ5IB1U4RKB6JM70G852CF03J8VREIZJ4ORULJA9QTS5SWXP0CVISBL17DYCC1G3MOCALAACEU8KNO3MJGWC8O3V2DKG9XLO6BPWM3KC3Q1GZRDSQK7R6LTFBJ8NQWBHFYBIJYTCJCB39', 48),
(34, '2003-04-09 23:45:02', '460MJ', 72, 'N0OH33VVSQ71YDKGQR52ZY3SBN8PRUDQS6E9UFT0K9FH4W8J7153KLF3XYXBXVQO2XYZN3IADJTIKZMXTJLPBMDSUUSZQ9ARH4FEZ8X753QWOVJOSCYKQSBYRXZZJ0Z8CAV4VRX51J8K41TG8CKLM2', 68),
(35, '2008-10-26 20:51:34', '29O9Y', 88751, 'P48T74BNHSQNPYZTMCK4MCT1XDKIC3Y3FV6EB5UGHO6BE95Y1WVVYKTCMMDMWPUBSMJSAHVPK518H7353GAC10FAVENI16OWDNB80EZENZ4MOA3O2NABOOWYQHMCVOGEV7M7BYJZ601X6ZCC5YO4W9', 42),
(36, '1994-10-31 15:36:17', 'G3U54', 80, 'C2XNACJ616OWIQVPHC7MBQFH274KBEXS105095T4R148K3WN296YSN5I3SS9HUTWFCUE7LOV4KBYZFHY5DU3JQPZSLCYP8CT36DT2RZ7QFPVC7TXGQQMVQ0DFT2U5GEN2PTM83G9KIROX3I45VU0QW', 97),
(37, '2008-02-26 04:40:13', 'I6IUF', 265, 'GHYQJ22AG72F0ILLB83VMDZ8B4V7YI2NFKVRYOAMB59QK03AP67EU0MV8T7ETUYI7GI5U8L2ILVZV49IVP01EEDC1TITTBVIXKZG6UBT5WZ1D2AU0GQAZZWABOWB2QXJUIAJBXYSSK4H2G4QZ4IJJ2', 49),
(38, '2010-06-21 11:34:03', 'HEVSF', 41, 'SC02VWYAWT2ZIAUZ63DZ5HEUYV7VVKCT6SWG495PMS4R2MQNJYQ4HM16KAW2RGQ09EEWYGUWMBVFEVYMVYFJJX265DBXQLZ6TZGEPZCOOISQO5619NWT9KZGQMPG9TF5UH82839KCLIK0YOZ8G10UA', 48),
(39, '2002-08-31 21:10:26', 'JADQ6', 7152, 'S4J8JIZO1R60VWKFI7LLQTFH2QUVBH442O7T5SFZGLT96P4JVKM9M2349KMT9OM2GE96LA2EIT4002F2FNC1EY3XAGNVXCELACCSSSUSAWR21HDG52QGHCP9VXRX2JDZM016L8O2ZKSU5RMP1C2GTX', 69),
(40, '2018-08-28 00:21:25', 'NPIVD', 171, 'TF8F738S4S3NXO5YUYEQR2J49IBSMO1L1WC31ODHLHTADU72XW5BT83SDDY2YHBNYTUEBQ7C7GE6EP5S539PFKSJUF9KEDROK5BSPK49XSSAE8R7AUFSI2GX7EBVGB6KXQIGCT6ERNLXCFZA8W88WB', 23),
(41, '2018-11-17 18:38:06', 'S8EOJ', 5719, 'H1TTYCO6JOQ9RQLKUO60F86IZG7E7GX4D33T1S7Q12MJQEXFTQ2MFH4F4FYG0M8YTQD7NC8R0JA11Z0E3DXKCHS7EGP734FCWA7MS26ASZ9H0HU48HTGEHXKXJ5QQWIEQB619WWJ99TK9X8V4SKEBA', 56),
(42, '2009-12-16 19:31:33', 'YXI8Q', 67057, 'JG4SZJQFQK22O6NFUWPPUYTPMIN7BLNXRDHVAJBTEH4RHULLCNUFEIJA8H824GIVFHX1VHJO7UHI7KV49ZR6R2ZV5O85K71FGM3IW6X4RPU4Q4PK8QJIXSETTN4I0NUCASSSEYXX08JFPE58GGNG0Z', 84),
(43, '2009-03-01 20:13:25', 'K8644', 414, '20N5MFEAPW0UGV5A1NN2RKVZVJ666B8JG5Q72CB33ZFQP2LJO4ZO7S670RZRH7D2GIUQRSDTVIDX46F50973RFIU02HJPLXRG716IH7Y5Y8UK8X3OHDA7NDNZH2VWBI74HKRCSIDPSI4FYXD1I3MA6', 64),
(44, '2019-06-03 23:57:30', 'FJUOX', 3465, 'CRE1PDDWUO8K8QOK3ETYJDALVA832QBNXCJ4L3KPNZF0HTZVZ1498THJL2HLXIPBPYCFT9SA7FXU8GSWAY4LIP9DF8SDW86RSX5YL80SKGGC0FKK8KWACI84JH39PF67FOT5DNQO8KS0Y4UE7FU01A', 8),
(45, '2021-08-18 13:53:48', '4WROT', 547, '1RQIYVHMJVC0V36MNSMA6SQ8Q90V3S8IFAZBV6HYYL1SXW9V91TDGSNYT3KNA5UKX70BZIHHCPCRWCUNRRZ13831H0XBW3O4OOZ5UCTN3RB89UBXDQ8MSMK6B7FPX6L5L5MXLDBC7D8XTX42OM17TP', 59),
(46, '2003-06-07 12:22:19', 'VFUFF', 936, 'Y0NWHC6FO8RRBMOX6P3QROLOK3O93KUC9PSWQQUNKVWNHKLZP9CGW4FFKSN7K12EXQBD3CRAALPAYUNKXVRA7ISBOE9GFTRVT1VV61J7O6FC36ZW4D5JRY361VS738V4U6PYPZNZX82VZ7G9CLCXUR', 25),
(47, '2016-04-01 13:09:47', 'BIC60', 775, '73SBSFTAXSHEGLRH5LSFOWUEFBJT4DSVAGB3JNSXVSHPMUTWQ9X6FOTGN3578X2JV5LVAS64IRSNYO3AIQ5L70WPLA1524KZ1ELH6I4FYVOLQ0T017UQFOQ0NZAFYQMQNVT0XLBL2K7ZOYFGJ2JTN2', 6),
(48, '1998-11-13 06:31:00', 'XXVL4', 69, '67R4MS9N2A1M44RSGEYHE5KBO0YCUUG8UVHG3VXK8ESDEFSLUHK5BE0TW723AT3Q7BA3EELEZ682B5R0G2M6HDI7A7U1XCPXB13YP7V8CYKQB110X9QYX7AVK9HYMEMQ005YC1MSHFR52I7VX2J686', 65),
(49, '2011-10-18 18:42:18', 'GQ9BV', 30, 'L0LAGHKJSSUSWQ1XV2OZ7WJJFCP8G3YYB2CGZYKZUHEF2NS9TEIE70BYNPO66YMQXYNWKSGADOJSSCPQT5W6R5TYGY50BUSAOLS8D554EJQTBCFXI0U7C6UAMHOXJJ4I40WSHM95NPRDDGO1TA1HNP', 6),
(50, '1994-05-09 10:38:59', 'N5RYM', 834, '54O68NABS9YY931AINOPP0BD7Q9TOZHD4UEK12VFBJUPNCGL79C31WPMO3AMLXM8BU19U9CS5W1RIE3OQTKK1PWRO4BE6V5RUEIYKIZOR3NTN1ZNX7PMITKON80P145XCGSIO90RZBQVDW4337710K', 1),
(51, '2005-10-26 17:21:29', 'AR0CC', 58, 'EQJKVDWZENF34J996BVKKGB25RXAQOMUMJR3JZFWIFQPI8NVJ5VCA593M28J8A6WSNJ6OMB53XTOYLZDZKSUPOPIDKT3G9ADDM4MIW3578ODOR0LZNYYJV0R1QAKMUSEB45RDFMK02WVEQ04KH1HQV', 6),
(52, '1992-08-13 18:15:52', 'H8LXS', 31356, 'B68Z0HE1IEBZL3R3YTDG8L071KQ5B1X9M7GTSDVUW2658PN3KSGEZ57832LXW3K3QHRKWC9OW0WWJZ04QFCMVHUWC1VTJ5PBMMSGDGIV4X3SRR5EDHFL4AAAVQYLO86X2A5MYFC2OKEJZVANQTJO42', 11),
(53, '2019-06-28 20:52:34', 'T6HCG', 6010, '8LTV2WQC41OM9GFGTUBGM52SK99KTF9FJT6QCSARA6WO4HU2RZJG8OZEUMB89W8W6NFO2TE7TQ9EPV2E9UEDB5BN4CC1A3MNBBX9LY2SISYS20GTJC6FM6KSTKXH8RGE3T5S5JXBPKV086T1UEBES9', 98),
(54, '2012-06-02 17:23:45', '839UJ', 40944, 'SCMGP6MX7U6GKNIVNG15P5AIYL1UX4OXXUQFOUVTPIIOVTDEL2E3RTP5SZCWAV29I0N68TX9O0GG730WR5P53KZJCJCAI6T9ZQ5A5JWVBKCM8ZRNHFBMCEOWVOP9L26F9RIKDPH4NAOSN8VI5GU7OM', 42),
(55, '1999-11-02 00:22:33', '86YMH', 71, 'JQ4CUBTZF1FHOZRE7DKHFPRTLBP6B6Y471GG2KAHUZ37SL5TCPCUAGLB82G6KSYCJJ7J0R8FFJ5H7SN0AIDJ63QFTB79B7NYR936QG1QHCF28GBMWOC2SNXNX9YLC7DO2JPV7SU215SVFIOK0HP9A8', 16),
(56, '2010-12-22 04:58:43', 'S38HN', 74, '10CQZADHWIOXCKO0TKNSRZIUWAJDM69Q1ZTRZHZ1QMB2PAGR2L3HV9921J1KJ11NFQFBF9U0Q358PW9K6B5V0EI2TCQONQ9BWW3QLXQ8PDD5Z535ZWN99K8C9LSBTSHYQ374F8TACZWHM7UNNYIUZ7', 28),
(57, '2019-06-30 10:16:02', 'DYZGV', 50, 'LHE9LJ6UKMZD6YCN3LDOP5FSCVQ6AIGVN41TRNDCM92B9LN5Y7VIDPG1TQLO8YKTU2TW5OD6IHU2A74CYYL8FDXZD60XMB7VYOW2SPX0TQL144MUKC9B4OYJ6QINL5IUSWWLQWW0WP0KMQSG8YPY2K', 79),
(58, '1994-07-25 15:17:57', 'TXJSO', 552, 'R9WNJPA5XTFITNZPIDUYM9QPJ3XUUBT2F07325X0V0GWMD5DIR9O66BRMJ630SBJVB27LF40GDXW610Z4MTVWDDCJEWBIQZB0I372BFTQCW2ZG6GVNSPCJFW0UI4I8UW6PK56NVRWSOEOWQ1003C1Y', 14),
(59, '2009-08-20 11:57:47', '62TD6', 19, 'L6KSZS9PMPI4POIO8CHDB55P5E4W8KAUHTZJE5INYB0CXANUQLHNRCVSW2AF27HOU8MHKFRR9W4JEUDKUA0C8WT9C9H35NR1UX0LQ73P2MTD25I4UW1O8NG65LR8SOHRTNPNF0VYQ3OFC3FHTRHEJW', 38),
(60, '1992-12-16 03:39:13', 'XMPQN', 56779, 'EK7ZMQ614B0GNK731R1JWU5AOEM5TYN139M8B6C0Y8PX6LDQVSUEJAUHV2OMIUIDS61AQQVOEERJQ9KZGM54TBUI7JGMD5MRZ9KI3ZAF3A4G16WJU7731FYOBMNQ602KRVMZBHSEQHCN5NW7D9RWOL', 42),
(61, '2017-05-12 10:06:27', 'RILZL', 62404, 'VTDNW8EYJD1Y9PSXVNXWYUO2XVAH9TKEO0LISAPKTSIJ7NRZ6Q280NA1QQPHJCBVPELJ9DKKK2FWRSWXIO2QOHG0VBFERSSMZ6FDYI9FPLSYYPPY8DNMP72TLWLIXUYQGKSC3TMGQXC4JTIORTQI2D', 3),
(62, '2008-04-03 12:46:20', '290LW', 4196, 'F6621M4ANKWZ3E9BUU6L7WAWCEMRIPYHS40OPYGZKUAQO5YBLW9EO92L0C9IA6R9JZ54XSOSYPYZLUKZ4O80JQQSHXCK7IU2O4881FD1YG88YABVN04GKS0KQL3FQ1D1J3OFJ0JOB0UNS2VLZLKBBC', 44),
(63, '1998-12-10 18:24:19', '8ZZ6N', 379, '1MTAAE5UHD7AWYN6H7WDDQ8U6SAVE1957QYLOEHGRBZC44QQ6T46LNRQSM7BIO9VTJ9VGQZF53G73WVUD87IRTNAOKVEON1Z6KVAUSUNMMEUQVYW8IZDBTI36OC72TX9JV4VEHSILTUP0SSRCXBEQH', 73),
(64, '2019-09-24 17:01:23', 'LCAD8', 71274, 'R4EA1OAPDZL6Q7G42EWVNQ0AWHUHIV7QRMHCRS8U9MIT3M5Z4FYUEDW3H0EX7PF70KA5I95I9RJB0KGIKT74UATFOSM8VM2AT1VIVCIIN9YVJI52GVUN6KEFBT1QCK9NJODLU5WVW74SDIT2TXKKAB', 39),
(65, '2008-06-18 05:23:16', '1MYZJ', 2925, 'B1AB1BOJAOXYO2K5LLSHSDLSZMPWVZ3UHWW0WWP6UNG8H7H4A15TBFDO75PMX9VC685X0Y9R9J3V5YULQ0BX6M2I37O2MYIWN2PPD6O0Q75C5VR8K4LB43QXZ9V2W0LVROHC33Q6RIQXEV8ELRQESU', 83),
(66, '2013-08-23 13:27:02', 'YERO2', 91, 'YO480HBMNH9C6FGY7H6P55WN2OUVDRAYPKOIJX6GN8RCI1CLPLARE4U9E4C3GWVR25X9WEV7DM8BJ8HSEN9VV84A1519U8422JECEQWACJRY19I4LQZ7UEWEDPH6N26RC47A7XS8F2NSHJU59LYMPZ', 14),
(67, '2013-06-01 16:22:30', 'A9SPP', 89085, 'NNBKLSGFBFRK98O4DVY8F3QYPPAAJRE3TIQD3XGFOXAF3TBRED6X3N4C44W9THELOTLARPD9JP8L26Q2X4NHZXNGTJ755NIWX9TZLTD3ETEGVDYABH6CIQAKEM1SPF6EIM8MW1EUNVXNXR1FPEDO28', 25),
(68, '2021-12-03 20:39:28', 'O3R4R', 5427, 'C82O1YQ0OFV1IZWTNZY2X6A799LBFX1PU17IRN8ZMF67UKK1A7XLC2OED6Q9RMA77F7NDWQ0IO13YIWKCGSIBY104ASYUEISXOT8JLIXELXJNTI9RA0ZO8SM3F6RD83XZLGBGK4DSC79XUL5BL2V9T', 4),
(69, '2021-03-01 17:41:42', 'CKKTI', 88617, 'A2YY1XQ692B3CK04QPU4KD20HP8IMXBT00RM45ZVWTXN0SVE0ND2QVTN0FERNFDPZBHZ0KTJLENXSVIKANTPW5GVJT201L0XXTP5YLTR8XM3W3604SDMN99OI0B2TC8T1TY0LQ0ENEU0ZEIRXE62GC', 92),
(70, '2005-05-23 19:52:10', 'YJ9GX', 63, 'UZEVGI7AVWEEATUNKDWBMN264RJJ3V0M5H8AQM9M1DVN7V8T0BD9FRU3R15ZBDEKDAAAOFBNXFWG6CF6HS5LS9SD6X3B1VBW2GNFVVOE28CYRMRFNQT41WU8893F22GXU32RTJQY6B6ZFZEV4PIEPJ', 79),
(71, '2005-01-08 07:35:35', 'GVUHK', 8854, 'UYH8EC1WWCHKRIWYFMR9QTAMKHKUO1KWZI6R4SC8R8208YINNQHITFYQJKE5SCBB0PGA1O0AU64F0VF9NNR0UF76UILPL140LIX68JE4B8VVY5ZZLGIE58G5NCFTYKJ4S8A8OY0T3E7MTM8S5WOLL3', 11),
(72, '2020-02-01 13:32:45', 'QWE7P', 583, 'OALWA7CIL8D5UXQ4K99K5QMP35B4SFARNE2XQW436IMO19I71011TD5LJGPJQOOWANW9APM5NL4X9TGJ6XLOKLWT3FCOD4SAWU1R466DHERVXNLVV7ZS3WCMT6CRAZ3086K5466NHJ7VW4ESNUABPT', 56),
(73, '2012-06-13 01:14:12', 'A4E5P', 54, '1XFI7HJ80FO527N6NEEIXSHHXXMM8EBE0KXKY6J2ZNVWCOUQZAOGIYFDWWUC4VZ252WHWIJU8LFF8OOUWAQSCCLO66JIUZWVS1PZ4IYZXKUS3P0LN3HREIQPT0BS9J8RKMC879L3ZMSN84LDAUCBL0', 33),
(74, '2003-11-06 17:28:20', 'QR9QA', 66784, 'OR9PLNZ1O6L5NYX2RTJCUJKQ1NBW10POIYRSKIPV69QO3D7PY1BAA2GS21US8KOE91ODN30S5WOW1HMPTDRW38CFNXEUX9D6ST15DBUGL2HYZ0MEKF9KMXXX29121WMBU8QRFD3CNWXTAL7FWKQVSC', 83),
(75, '1996-06-04 21:59:51', 'VY4A6', 978, 'XVM8MOEZO580OZO9KNJBCUPLQFK36CZLMKRXENU14W62Q4I8PQX533UOKFYU9ALAFUT9BTJLM26EWM0B25WJJQ771BM1I2CJKGYKV65PX6WSBWJTUT5JBWWD2LDTDPCODMX3DE5AVSMX96ESLCSXLZ', 82),
(76, '2005-05-01 15:33:55', 'TSIM5', 69552, 'X17T3D16TTO6HXNZQK7VZCH5JF6QEAAF6UALY34TNAJ50YWS8F37WVJQFRTZQ2UJ9CFGOMU5D6JWCD98KPODK759FJIJCSH88PLGK044DEKZYIJ6XQLZXHYU0QROHXAYY5HG0EV5V4RK2R70B6SPYV', 77),
(77, '2019-01-19 08:23:10', 'IHBQX', 554, 'ZGO3C6H78S3QV59CQVDTVI3EMM2JPON9ZLK4P13XJEP4JLD891A182IHG8Q6BPWX9EVWOF01WB7XSBHBL15KH83VEVYQ0E7AAUNE753HFHE59XSZKH3L6L050CDHBOC9ZFB8IYQUR5PQESCEN4SRCO', 100),
(78, '2002-01-05 06:51:40', 'CGMIQ', 82280, 'EDFN3ANUFIKAAF7ZCQA24WTNJWPRUN755JDPM08NA6JZO5RSFN0DZMXR9F8VX0QBILWLBG9ZDJLZ5EF7O3H63THT8Y2B8A4MRBWTIRFAI79WJEYG8QE1WU2J3K852Z196BXSNC2WTSAKSAU3J28U4O', 98),
(79, '1999-10-12 03:01:18', 'TU2QI', 3497, 'P9M6SQRBPGZWOOCDEQD46UKJVAST5PMFNHRTCTFS3PN72JYHLYHRWBH52W09FTV3C17H6ILDVHROO2SNEJ0N5P83WTBXOZ8UF6LDE68CD0OUH3UZBGWQNJSZ7MLBC41LXAXHAPWBWY0VGPA3PYPR8E', 40),
(80, '2006-07-16 04:55:55', 'ZIYNT', 14041, '1LYF79LT93CTVULEZ1KTGVDSMNJK0ZVDR81BN5VN7JPKR7ZRIZAONTKPTGJ10C5G99VPRO5H0G2IICXORIM1C84UNCV6DQHBQWBWSK6U6D7E1PVNZSHZT31LTUX7DKNYW1RE3I6631CE4XQGZQ55FR', 21),
(81, '1998-06-24 00:09:23', '5IPKN', 877, 'W3BH6DCVULU6OMOFPJK31BF8WMBJ94XQ2JWUPAGMHY3X1EZDC0YW57B5VHL231LLMY1QHANH0VX2SDDRUHIONTPHSZ9IGBZ5OWNWE6H44B0NAJ2MZFNFQYL19PVAWHI5WVCABQ5M28PKDOYI16VZCC', 40),
(82, '2021-04-02 01:32:37', 'PGW0I', 45, 'BSS5IBVXWNL4VN74PW6JX4HE5EVM47J6UDPAUI2KS2999FKAWN5UMRCLUNCLABRYK2MD61T37HCHMPMMD9Z49MU4KK27BMKWWIF1LA6ML6C7U9LEXSGSO7VSHD96BPOSTE7UBLZHUUL9H3UEKIVYAL', 7),
(83, '1998-06-27 23:41:23', '88J0V', 14019, 'FGHFVX1ZDSJQCY5PV9OMOLZA42WNE7ARK7WDFYYDG6SR0T8ERSU5XG58HGI2SZCDGA28V590MEVZ5TMEX5J8CY2DS2DZULUZYVMQV39EXGMXGRW3R5HUHLXT7W02X6D6NAA30KQWM1XY2OXIFSX41X', 64),
(84, '2005-12-01 07:14:52', '1UN7K', 1511, '6IZDNC6JHE3H877B4SAJTGQA1G94KI2I0E2J722ZK35IA9UF1MI9HU4NOI3YR4KU32GNYEPTLQNWRZKSGB5281IV6X5U06W5B3V3DSTC3QOESNS4II7744VVU7Y8PKVSUFM7IUVTAC93KWKKQ43MP0', 67),
(85, '1993-08-17 16:13:21', 'ZVW1T', 910, '70W66EGF28PELDE79RVWXZ3O45XHYHG14PZ4SSOMNGRCFLTKO8XCR2AIZF9962XXC72FJVLRJOBEA8Z2JLLX2UEO5ACEAPSOT0D3OK4AM4FDR44JOD1SYBX90HRJOM2VLEBPO69M77G8QO8LLKTYFK', 71),
(86, '1998-09-23 11:41:25', '60960', 3989, 'HJYU4RV5KSHJE1QVVRES5UMLRT4I6PJ18S58O4YL8XUQ87BFX37OI9GPU21SI0ACTHRE9QU7F7D4REAGIX4K68QJXN6ODK7ZN5D5Y6P3JUIFYNA2YCYIVECS4FY1KU96J0QY4OQ0WBS2O07RQZ18RE', 96),
(87, '2005-02-11 11:10:12', 'U5GAW', 7176, 'K6HB60NAB2LH3BPVVM1KGJ6L2KGQATKV7RO0NOWH1HZ1JK98GLCPWT4YFWNLAPI2R6Q6CJNY37MEL1G6E1RNF6L4HAGM0MMZ3BCDOXXUI9NUGESKX5HVGMMMV0X943BH6SKV87QQR62FH1LV73XG3N', 1),
(88, '2002-07-02 13:12:02', 'W10AC', 289, 'CDUZKM1DNW9WKWDT0IQUDH1X4PASWGPD7PB24H8KGPP3BR3R3X324KQV6TZBN65OR20Y67S9MHO3NBEFC9RE7AW782AH4JCYKWFRMM8AA3SVJAX9Y3DWEY1VYBNH98RUZUG9I2WAY91KGQB53Y6SGH', 44),
(89, '2009-03-01 23:19:50', 'WZ2MB', 81743, 'DMBPIITCUVBTDSUTNIWNRVZ112C5DTDJUH97Y42AZZ0OIRAWUHF3DDQLIDV50QZOLOIZGGDED05XCE281926VJF6R4AR61XT0S3SSA2AS3ODC9I6L4UEJ5O4G4SRZLSELZ7GC1ABGY22TJB5C7Z0DC', 79),
(90, '2004-12-13 20:07:49', '58X33', 98400, '3IXMS03IVMWP61FFJ2289PI55WYZYXLH2Q3BROA0QW0BWARKGA0SISKQT7A5FA4M206ZM5UKH2YR6G7G6YEVKUT5CFPKXVF6HNBWOMLM6QPTNMQOMZ1OV4XD4W2AXMXY36CG68RDVM1RF0RDFFPT9S', 96),
(91, '2002-03-10 23:52:59', 'BNZQS', 9463, 'AHWG1X74M4XKDWFRK835JS9NIFGVLCIB2AM2GW2SLLB7J2DQ74MZ99WZUBKI04GWDSFB5HEH6VV7HG5BFV5P0Q3V89YLJIRMFML5BJFQH5DKKAFSCNCDXK8677YFQSFAAZJHXKJA7LIX6X2LUSXDBX', 76),
(92, '2016-09-10 22:00:41', 'GKXE3', 260, 'Z2D8DCSNSJZB8YKO3M38BB42UKZLUP7K78H4S4R02FQCVUGN2OL5HLV9XLACEW74IOS6HEN4OHN10EXV0O380N4XDKBKXZB74HVZU0A7D3VW5NZHQJFPDDFHAZV2OPQPXE4X59L4AKD6MFTB91INA6', 34),
(93, '2000-02-04 10:52:00', '8LE02', 6931, 'QXGIVURXBC1QRQMZ28C3PNLLJPO7DN7AL6I6OMYXBTOJQ1XDDUA6NPVC4JD5NGUIGK89SXTLP5ZD3N8MNHLD90NTKRUCFN3IH9LI2Z3TB7OQJRTSGFO6CFEAEAQKQOPV2G95FIE791Z39YABCTNRJJ', 46),
(94, '2006-05-15 16:20:13', '0WUON', 1289, 'AQ3ZA8QQ7QU865BOEXNFKXELZB96Q4D1EXDZ99TI7DQDHW7S3C96R0Z37HY69AHQ459HCGEI0366JX4U7JR1VSVM16O12I2YBVQR881H94AQB9O28F56VMKTA9AEFVNDCLLVN8CYH3HHFOY4G18U83', 27),
(95, '2021-07-24 14:03:34', 'Q8K4J', 204, '88PMS36Y8TYEXSRE89PX1BWYQJGWBDP3HY8FDH4XWQ6YV05ZQXKYUMNJYQ61R0CWE2HQOL6JUBL769J5T6ECYR1R03262KQB2G8A75GT7QLANB9WW18YTFSOQ0UWBMRI3OD9H06FDZ54OEEFO4YGM3', 55),
(96, '1999-12-21 13:20:10', 'IRX8L', 953, '93ELOOHECLLVIJ8PRKUX2JFR7Q4H9VJ278GGSRZ4MUA8XFWYZK45QSF5ORA69Y6LJU1WV47PJ61CTLBK51M77JXPICT9J1MD5TIX0Z1ENJRXUK2UDV2B5KUBRHF8T9MOGN900KYX6N7ZVEATUGC7A9', 40),
(97, '1999-06-22 10:07:31', 'Z2SM4', 549, '7Y2AV1H14G9DLXIWTKZ66X6WR6TCZD2C8YTMIIE5GU8CQWNWTAVFDO9Q2N37YIGXW3GF928Z22HL32GXP7PVDG9UFCXDLWY5UUAE9IQEUEGHPFG3W26RX9JDY9WSRIBSMT3HBYUCTPRLZ816G35BPF', 57),
(98, '2019-07-20 14:51:18', 'EPL5P', 413, 'XWW5IIQYO9RHVL78OTD13VE1EUITYOX1K500UWM96P331MJ8VW1LQ8Z14WTJH8QP0DRPLOZKTK2ZBW1T90M47C52NNR87ML1O5FFGINF9K9DAC3QVXSXXHBZ193S6STR542BG6SAZUG4VU86CC65GW', 6),
(99, '2001-09-12 20:50:01', 'ZJPQM', 29, 'ANFPYJ1IMDHMKMG94YX4BFGMIWQ9Q0RRU8RD5297JGNJWD5ZV26AAZSFRD93QV8PKVIM4748RXQE6IQF3GK1EE0WHVEBLGVZ4GTEWY5GOPT418F5RVQS65T21D2PE72H9CNEZ4KH93LL1BNSP8RLOC', 72),
(100, '1995-02-10 03:43:40', '71N2U', 7, 'NEJZSQPQTHNOF4YDYHWGKV6FROIVLP98QIT4L7AB1GG06AUXDJ6KW69NIY1XPSZLELLYVP4GL40QN5G1TBCN8YZZVSWLW2BQ50SSL43ST7X8YN2FM9FFX381ZGP4QQZBW9EKURMUTHB048J19YRYT1', 91);

-- --------------------------------------------------------

--
-- Table structure for table `Promote`
--

CREATE TABLE `Promote` (
  `ID` int(11) NOT NULL,
  `promote_time` timestamp NOT NULL DEFAULT current_timestamp(),
  `comment` varchar(500) DEFAULT 'No comment!',
  `package_ID` int(11) DEFAULT NULL,
  `admin_ID` int(11) DEFAULT NULL,
  `customer_ID` int(11) DEFAULT NULL
) ENGINE=InnoDB DEFAULT CHARSET=utf8mb4;

--
-- Dumping data for table `Promote`
--

INSERT INTO `Promote` (`ID`, `promote_time`, `comment`, `package_ID`, `admin_ID`, `customer_ID`) VALUES
(1, '2021-09-29 03:56:40', 'SO3OG', 39, 89, 25),
(2, '1994-02-02 11:01:53', '68Y9I', 82, 96, 47),
(3, '2017-01-15 09:26:28', 'LBMWU', 75, 25, 18),
(4, '1993-10-28 13:31:58', 'SNCDT', 18, 23, 66),
(5, '2002-11-19 22:56:59', 'Y1PQ1', 27, 36, 10),
(6, '1999-12-12 05:24:31', '3DR9U', 56, 63, 29),
(7, '2021-02-07 21:31:17', 'PYPN5', 3, 49, 39),
(8, '2010-08-02 13:24:14', 'XWE55', 43, 64, 59),
(9, '2001-03-06 11:42:29', 'CPIDM', 13, 26, 9),
(10, '1995-03-06 12:46:44', 'B2L2F', 66, 13, 25),
(11, '2014-01-10 04:17:36', 'EZ9E2', 82, 1, 3),
(12, '2015-01-21 11:25:07', 'YYOI0', 65, 33, 75),
(13, '1997-01-18 15:07:31', 'XGTHQ', 13, 9, 81),
(14, '1998-06-26 21:02:52', '3XP6Z', 22, 44, 86),
(15, '2016-07-22 19:24:57', 'F595D', 95, 21, 56),
(16, '2018-04-09 05:56:54', 'FFA5Q', 75, 58, 11),
(17, '2008-04-21 21:27:09', 'A7RHS', 39, 66, 98),
(18, '1997-12-29 00:24:35', 'JH1BU', 61, 36, 98),
(19, '1995-10-06 10:21:31', '3QBVN', 50, 59, 14),
(20, '1993-09-10 10:41:20', '20TM0', 86, 52, 72),
(21, '1998-12-15 11:38:11', '6WKHW', 10, 21, 65),
(22, '2016-11-09 16:50:57', 'E92S1', 63, 97, 20),
(23, '2011-11-04 05:26:24', '1TC3I', 97, 65, 9),
(24, '2000-05-14 21:46:04', 'BXWFF', 57, 33, 2),
(25, '2006-09-04 18:11:32', 'DET35', 13, 5, 17),
(26, '2005-01-09 16:22:39', 'XV6IJ', 69, 33, 44),
(27, '2002-12-15 10:12:50', 'J0HZ6', 45, 28, 82),
(28, '2007-10-18 06:44:00', 'RF5SG', 47, 70, 83),
(29, '2021-11-23 05:55:49', 'VDG3M', 27, 9, 13),
(30, '2010-12-31 09:39:30', 'JLUL6', 72, 5, 77),
(31, '2002-12-07 14:28:14', 'SCKDI', 49, 94, 96),
(32, '1996-12-06 09:47:53', 'FKGC4', 54, 100, 74),
(33, '2005-05-13 04:30:20', 'DLYNW', 20, 98, 17),
(34, '2019-10-10 05:04:22', 'A03LM', 46, 85, 22),
(35, '2015-11-14 08:40:27', '4Z6PW', 92, 36, 43),
(36, '2010-03-02 16:51:11', 'WZO4C', 33, 84, 89),
(37, '1992-06-17 01:13:49', 'GSO4U', 23, 5, 87),
(38, '2000-10-02 18:56:24', '5AMM3', 75, 60, 28),
(39, '2013-03-28 03:20:57', 'LLI3T', 81, 57, 75),
(40, '2002-03-12 03:41:36', 'L644J', 45, 93, 100),
(41, '2003-08-30 04:22:09', 'EAQMR', 36, 18, 21),
(42, '2016-05-16 17:42:26', 'QUYJ8', 4, 68, 65),
(43, '1995-09-17 05:15:55', 'PAPM6', 65, 47, 89),
(44, '2017-03-26 08:26:37', 'VAF75', 32, 14, 55),
(45, '2019-02-27 05:32:50', 'T9CDQ', 14, 66, 50),
(46, '1999-07-23 00:29:08', 'DN4HS', 26, 54, 61),
(47, '2021-04-19 22:48:17', '60NR3', 83, 83, 14),
(48, '2007-03-02 18:32:44', 'KPB67', 27, 76, 15),
(49, '2000-02-13 00:59:11', '54V2E', 32, 94, 10),
(50, '2013-05-14 03:24:59', 'U4TSH', 13, 14, 34),
(51, '2013-04-06 07:50:35', '048UG', 27, 10, 94),
(52, '2000-05-03 00:00:03', '10G2I', 5, 96, 98),
(53, '2018-06-03 01:06:40', 'HW0LP', 33, 62, 73),
(54, '2003-01-24 09:39:37', 'OURSI', 83, 49, 25),
(55, '1997-06-24 09:18:19', 'NI6YP', 55, 74, 81),
(56, '2010-06-24 13:12:29', 'N7DZT', 67, 12, 80),
(57, '2011-05-12 20:19:17', 'XZWKZ', 84, 5, 94),
(58, '2011-06-06 09:35:56', '2HJ1D', 28, 50, 91),
(59, '2011-12-28 09:54:01', '0F9MZ', 71, 39, 45),
(60, '2005-05-25 17:28:42', 'P79HT', 20, 42, 58),
(61, '1997-07-30 01:34:17', 'WOYNN', 46, 57, 61),
(62, '2004-04-10 04:49:46', 'M1EUQ', 74, 14, 69),
(63, '2019-05-12 12:47:49', 'DDJAI', 92, 89, 78),
(64, '2014-05-16 14:20:03', '2S4PK', 51, 23, 48),
(65, '1993-07-02 11:59:59', 'LS7I4', 96, 36, 64),
(66, '2018-02-21 15:11:28', 'QQ8FN', 85, 41, 42),
(67, '2001-11-29 23:58:05', 'HSDGA', 37, 23, 91),
(68, '1997-01-31 20:18:42', 'B5X7S', 37, 82, 16),
(69, '2014-06-16 06:42:00', 'NENWK', 99, 58, 9),
(70, '1992-05-05 09:13:30', 'RS6O2', 24, 40, 59),
(71, '2006-03-01 08:02:45', '1DEMA', 64, 55, 27),
(72, '2008-01-26 19:38:20', '04ZRL', 91, 58, 80),
(73, '1994-02-02 23:18:55', 'O2MQP', 35, 41, 39),
(74, '2009-01-10 05:05:31', 'K8NWH', 33, 2, 90),
(75, '2010-01-26 09:54:07', 'PZ89E', 68, 9, 54),
(76, '2019-02-24 15:23:08', 'S3CNY', 26, 86, 39),
(77, '2009-05-03 04:30:34', 'X0YWW', 43, 79, 89),
(78, '2001-02-22 03:28:46', 'JFD4I', 64, 41, 52),
(79, '2010-01-09 05:39:14', 'QHQFE', 23, 70, 75),
(80, '2002-04-21 16:16:12', 'LYIYT', 5, 44, 48),
(81, '2010-10-23 13:50:44', 'VJC19', 4, 71, 31),
(82, '1995-02-11 02:11:10', 'LQ3HY', 97, 30, 5),
(83, '2011-05-30 06:29:56', 'X3YW1', 28, 100, 19),
(84, '2020-08-29 21:20:37', 'XCOSU', 33, 11, 95),
(85, '2016-09-05 10:04:36', 'T6ICP', 37, 2, 67),
(86, '2016-03-07 03:55:28', 'HP18E', 68, 71, 66),
(87, '2001-04-30 02:50:31', 'OHF4Q', 92, 79, 62),
(88, '2013-05-13 03:56:09', 'ECP45', 96, 85, 82),
(89, '1995-02-22 18:14:25', '6CF79', 13, 58, 81),
(90, '1996-07-07 01:25:11', 'TMV0U', 98, 79, 13),
(91, '1993-10-12 00:52:58', 'A6QMB', 75, 20, 40),
(92, '2004-07-16 08:30:00', '74E3E', 24, 39, 77),
(93, '1996-04-02 09:56:57', '43UQH', 93, 27, 92),
(94, '2020-09-06 08:20:27', 'VWVFW', 75, 52, 62),
(95, '2008-10-13 22:33:55', '2ZBLG', 32, 41, 87),
(96, '2017-02-17 06:21:57', 'UYIQF', 18, 72, 88),
(97, '2021-09-13 21:42:35', 'USIU0', 60, 41, 34),
(98, '1994-06-08 01:04:23', '79IHV', 7, 66, 62),
(99, '2012-07-17 15:34:57', 'HIH7Y', 15, 75, 61),
(100, '2005-06-21 18:54:47', 'OB8XD', 12, 55, 26);

-- --------------------------------------------------------

--
-- Table structure for table `Question`
--

CREATE TABLE `Question` (
  `ID` int(11) NOT NULL,
  `type` enum('essay','single_choice','multiple_choice') NOT NULL DEFAULT 'essay',
  `text` varchar(1000) NOT NULL,
  `answer` varchar(1000) DEFAULT NULL,
  `point` float UNSIGNED DEFAULT NULL,
  `creator_ID` int(11) DEFAULT NULL
) ENGINE=InnoDB DEFAULT CHARSET=utf8mb4;

--
-- Dumping data for table `Question`
--

INSERT INTO `Question` (`ID`, `type`, `text`, `answer`, `point`, `creator_ID`) VALUES
(1, 'essay', 'E5AKHURWWKBZP7T6JNTKML6FQWAQLJ9I7OX6ARI37WLB3IPEZR8MYZ7SG2PATZKWB76WM6R8JQ739DSYRXN8K8HQDM2YSPG6P5JFA5OCCY1GCLYW97M53V8EQ1SQN279N6TDK7759KGU9BPDCYAXLELMI159UYE6LKGJ0HUNJUE3WF6DOJF33DOYTGVIT5FJ6UFQCS9HGVZF14N18TL09R76KRX5I8RCANZXBDCRIAAB70XDY2JX1EPBFI5RBS33DI9UZM8QQHZO2CF3VNNJPUP99ALX99QU4DNWYUZA6A9F8IQWFGXV3ZUTDK3W2TYL5P5QLTXWDR6F5KC2LAMJBND9ST4KRKGS2P1C2TZ15KED8RJB9B3OHMOOKK5S2NPVMO39CL52YLK5DUX2U1AECCFNL6C60ET03PAITRGBV3ERMBJ4XTUVLXHZCJFWTJLHB1ONHO9O5986WME96P1P4LTDKWA0CBIZB8XC4ULZ64T8LF22DALCTFUXBQGAJ7EX1OS6EGWRBI06TL90UVIA11VXR6N7J6VKE695ZMNXRST61MCT2NXXIOY024U0GOU', '6FTQS3XOOQNVNGCS4A52NSGBJ7WDKNKWHHKBUYLF9F0N3L3A4ZCAQHMHF33X3NYGG5K128PAQ0YVP83U8H2W91J346RQ2E05EKR5G9F6AC4SA9UY94WJTIUDH9J8FZVL1C3W7P', 5.00819, 90),
(2, 'essay', 'ZE7I125AP5GSICO89QND6NGSQ76F2S9I3DQNSKDN2Y5QI8OSFCA2N17UKDSQH6LDRFVDGT29B98GBLDZSZYCGIZVTRCHFHSW8F', '2X1D14VBBKGUGRXEF13HEJZ1CELXL5YY7C9A8NRM9ABFNZOYRU69BFB39GU4FQ6GESBK172EKG2IHSH3MCIX9GY64VXP50IK115OR8G4MR837HVDPDMKJ2YHSVGFTOPJ2HOG51ELY2VP918UV9Q16EAINP97U72BZW5KBC99KGZCRGQG4S84DIMGONG3W6BQQXB1D42TCNXAV5SKNCGDC3IG31149KAHHMVY5OSIA2LJP8J', 14.3118, 9),
(3, 'multiple_choice', 'WU97ZW2CLQKOQTREOJWCCKQXIQPAE8R4XAYB1T2JUA2HDF8OKRR7M0A8E2703Z8VO17KPQOHN42KMBBYXCCDKBGKGIMZDKQ104RLNYIXAHZ5JKFTUAJ2NCHIUY5OZT8NVGGVF37J2L4BLAWB43EKWU1ZPW22TWGHQCWIVSMEBXJGPOIPJ9PWBFMW9MZZ3JT459OSVWFVK7A9ABMT5ZQIQ7MK2JAX684Y319RMRQVQ493WW77FVIS2W93GLNGGJ6SGEWSDUW4ZH2D9CQ25Y1B1SO7JET04SB3DMDUW641335CQ0WYFDPD0EX8IOVN7KMX1TV3N3TXYJWA8B6AW5UKB', '0C1CWXOBY385UZURH552J5D4GO4BJJ9A9QDM2EIAAGQL88ANQAVZJCNJE5SED83U6YIQQ2X2UUFMRY0CUWRHHLFQVFPKCSIQCDIHLFMYW9KA3COJXQ0EDN2BRN5TC4ZF7X5SC6GS1JQXBUOOA8R5CK51RTO3H6GGZF0Z8EUJ14QICJRZWXWE7VPX7U8FVHTZBOPSU5N7783YH7BKC1374BP203MSMAEOZK2UBAZLUNSWR6JXD4YSUMUQ2H52HUSC8J727TH6DL7DBO7027RTSG1RLWCHMUOODDSJSALXZT8HI5MK7A4WK9MM0T7UWXM0XM5PH1XGFNRB9J3JNSH9TI8GIFCTT3EBS97F5ZAFYXVNA89D3808LNT36GTBZS4QQRHFEQXH6K8WJCUDYT5V2ODQD0WF92WNCLFFQEPZZGM68BQUPBCKYGESMQJ7V3O25SR24R9C85FIBGGMZA1M43OQH3SVYT8YH2LF63X1VHQ0WHIA0M5VL74FE39APEL0AVHFD7YFX4EB3U9LHQ7Y0LX12HMQLBN0J6J2A8WX2TMEM2LQ8557Y62AL', 9.49454, 89),
(4, 'single_choice', '2GYUUECP7KONBS7U7PPPSTZOGL1ZVCJY9SZTEF4HMD2N1PP71TM10T4UNKYHFPNGUL9IG06VCTE4OT8GRE590CJV7DUX18443TXBS8WNHAF3486KN7VI96KY33K6V4BSMCXEQEIB6R5DOBRB10FSO0BP9A63DYKJN8R00SV3XZRWBBWWAUJYOBQI4OK8CMHQDU19Y9VPLF0XF51JDFIX5MVAQR1UWKRIDQ1KQ6VTMXRVUIDZIHSXC3EBUCY6J7NII94GPXXCVX04HQHHSYSID87UV8BQMO6IOXWPOG5I0J1A8P9XI6536BFI3Y6MBGC4S6ABUD37TGWRPAAQWH348IVGYRUJ2QRFRNSJHIBR89KIEGWUBA9DDNY7X6J4S7J5GCGYLKFDB6TCCU3H0QP3WSJOUXRKSDQKJ4PTI', 'WVVKSFAFFGK8KZ2UDGQ3IQ61F42VWIMAC2RR8BRY63QC4BKGBE51ZA67BZLS0YUEST7YMNGEWM2EIYLPU2CLL13ZJB1V6SPD76SEPRHVMHTAN66R7ZJKDKBAC1R3V04VGE31S5Z7X81CFZHT83LKPNZZIE4SEZ4TLNASQVXDONSUY0ARERMSJDQTUF4DWEDV8TVZ11J2E84BXML6TASU7Y4HBISX1RKP5ORGR45CSMSQWFBI9MZC7MRQ2IS1XZL5XCUR1E8MZEGEO9WPS9HJ7GFNTNYXJHQWRFUCCTXDRPN63TW8MMRK8Z0EETO1ZT2RWZJOUCEYOTD6FNP8IT6R499F99A22J9HKQLZTDCBE6KBKHEODQICDCEFLSE75K79RAK356DKT00X87W5BXPLJXEN38U8GW5EY5BHBHPZTKLQJHFT4GUGEMMYR6IXK2L9YZ65FSY56FL9EZ9TU5EM6D2W1SLTV6D2AAGMMW1R6400VC5JPZC0KHTOE5HII0QHUQ14AMHTFI79ZRN3L18LCHLNFDT7ZJDWHZ88J67JOOY4LDX5ORX3BQYT175OF0VTAPSA6409G0CN9KUY5OIJSSDZXHLCAGGCL0EB3OIWKCVRFS1124I8K7ZWJ558B98QH5J985PUEV9OC191SFEL2SREZ0F30PL8YNEXET8MX7ZVQGEMBXNRG30CL1N211R55XXUNPJBN29NPGRPJB2QQA4L0IOLMEANDQOZF28TWGPTS8IN5LV0LTMRER2UD6502M52XU13S9JBY38WILKLPR2EYZ0FL6KYAQ5UZZ90APOTE94ODN4FWSG3IR8DQ355EOSYBBQHN1VTJDUI', 6.87917, 7),
(5, 'essay', 'UDZCBSC2XQBJYP4XRPG7ASK6N42FTDWWQFBFVYPQ1WXS87CY8FKZ7YPA8IXTL59AKLNG8VCPSF2UD67T3WRHBLE84HZU0CF9BIHMUWFXDBZ466KHOC9O0EYGKDBLHTQCG4WDKL78MSXKU6534O8U68DV', '8IKPJXD95ADIMHG21UIQDDS667L2AZSN3YXRQ39KC9I3LLR9SN7HKPPRFIASEFPPDLZ0C7I9E77O9YQK28MCTUNDO0AAH99BF3N82HR6G3LWK6OI5OXLFDQXKSXI82S9AQJSP6UL8QIR20LB0154VX3QJXDFTUYBEP3NRXV2GKG2A9HSVXISNDTRHEHKQB4H0ZHAT3PTBJTGRMN45PIFFFXIC51C7QWQ5N9L7EIR7EHPF42CSLAD3WSG9GQ1X5EYO1PHZ16X9Y44T7JWC2T51VYW34WSM9B5TRBO0CHUMNFF8GK02M4DC2EY39X6S3VZQE6ZFDRSAI5E845QSRR25GRXR8JJZ4HV0WEESFRG1Y2PNZX9Z5JKH1Q4TOI0MXYC6Y3LZXMRTZQPBYVY2IOI69ZT60HNA7SECGNWPJD60DQCWU9SC1DRT1WGQZUL5YG6TIF0H5JSXKN1U0SYM1KAO8XJVOEGZZD7B4RZLKOVT5Q3XLUXEM930T809T8TGPUQ9DTMMW38V2VXEDZ7A0H7YVV62UARS3LUQ1G6IJ4PG7Y6AK5189ZOJZFC63HHTYX8EYPBM3X0I2BDMOVYX28V249ESXG4RHMHSFL11YUKF0CJ4MVY97O42VJRAYEFUYJV1KUJOCKFZPVGCZ4O', 6.21576, 63),
(6, 'single_choice', '0Z6M2HAZBG42IWSLUH8CYZJTI1Q9ORD0FMAT9ZF952X1TQKVW1NH51X3RSD8Y1I8DRUYK36RPRIB09CIFYKA6X46F54QRTTB5TI061SZ80XGGGOBAU68D6QKQZMWOFJMCMJEPCY8H9L0OPHV5MEIXUAZ129HZJZJX0FPHVQED5MGCJUTOA61M4WC51VI7LWN7LT7XAR1T2O2LRH3A6GEUKQQDXSGW8BQBKP5HU9OZN5EIDGBLRS7Y0F55PTT5HUG70CH0UAH32KZ2ST9HPQIDYSTJWBV89WZKF7A5MO4GXNUNGXNV5G9XHQEAC9TG6FV2VP7F6VX175EYVB2JZO4Q6HFXOCYU3U6YFAIJ49S7IA5Z3YQH5I9BR5N0P2HE9VIQGJG5ZG5F3Q6HXQXRSYASOQXKEF', 'Z2VHC1QGCUKPH7CQ3WP1UGI2ZZVC7PQ0A2VAGAMGDG4VFXHW1FW03TFULAKNAT9CYW0RIVEZSP6V2V7LPRRH6IMWFU60DCU7CTFS61YIFUH1KCGB67HFO6E6GY1XJ0MCTYWF6KBANBY46JP8D4GE378DKK2KYZ93QTW7ZPH7VRQOKS89RMN23KGU9K219HKL2JTH79KD5MUZI1HV1VCX465HF2A4AIXDTFSXT9R53', 6.83627, 7),
(7, 'essay', 'UFODMZC9ZDLVOHEOR5RNI7YH8I0AI5UNHISGJEJOY6HADFJIM9EVZ07QKJGH8CD56S71Y3OFJF7B8IQF89OO4VT9Y5HXLNW1F81V1QKZUV3I71I3XO3EZRHUVIV1YZ23OBIAIS30HGJPAHP8O4GM0T9UI65C5SYL984ZOMZNUHBF4IT3CY4BQBIBX883W4G5IF4VS1QT7QGSWAXZ2SDDWFVCQDFVLQ4TKYADKX2T1DPUYUNJLE756PSXFLC4A4J96V6Y5U9KKX1E72W3GI1E69MASH1FWFVXIF1ZH1Q2J4NCJTLRM1W8Z7Y49682QPKCN3414379O2QDQZFFKDG2ZUFNJT6C7P23EWAVYQIRO975X9EJ0BSQEDLK537LALKIWCTFHJIRAN19E0LSK4VGSBGGMRVOJ8N5NYXKX6DGNO7D0E35C', 'OPQ66RZAGT8ZQMS2QPI81E7FL0CNT5ITF4KKWPFIRM1EHBO4NDL47P4T037AERS477OG0O1Q9IRK6Z6ZOQTLHWHCKT5M07Z1G9S6CKRKKCJL2RS', 19.8578, 55),
(8, 'essay', '1JT4QDBF8D3ENIYTZ57LFSATTRVG9HWPQ37BE2BQ8NLL9P7MA5PUUYVV2T8JWV37874X4UQLX1AQHN4G4YGW6016GODRZX57I6KJUDRQ41T2HE0WCBEKY4LDQOW4DJR8SFQKS5OGHJ16V24L6TJ657WM2SMCJE9NX6H69JTSKGDC1TU9XZ3ZFCURVGGN4B9X9E2UO8BAVHWDJQ75O5H71Q5H6UJ475U9RYM7FOQONKI5EDCYE7Q2K25AW92SB9USJF2B0RMA2GB45U2Z1503F9GRHLVCSULB9AZANV6HGVBYZ39EZRB9STZJTO9H5UUDX2JXZ7VBZDWSPDJSPMNFCONXEEB226D0RLDFW7L2XSV1OI418PMUXPX9ZQWYAQT2U3V0YY4BQ15CVSNUIKRTX4HXTSYGY2AWDC0OEKG22YNMP65AO6ZPANH2XA6KE0Z0FIIO52FD98YLBIPUQZJUD38OVF3NLD2YBTZL15OV5XB4N9725266O7WB6KQ8XVXAX9PS25HI9I8ZV3Q6YS13QNV5W17UW5LZH14IQUJNGLQNIUC4FJ1NZ8JNA4WA40AFD5245AOXLM538WH1UPJN2IYGILGEGRX3UP8Y23ZR5KB18OS6F407JF5ZYH90TQFM439OYQIQACWLG882A0FDJADQN4Q29PIXFT8F8ZDFB1D6K18Y0UTCMS88Q0J06BUSOTQ6HG85I2YC6S387DJPNSQTW3H4XW7H3RP5CI6UA', '644HZ52C5Y6DRBJLXA241WFZCZ5DHBMPFBS2BE400NRSWUWHKHDUX9S2CQUDC890E2OAHLHN03X15DY9TAZHLT6F0WD4RIOFYLDVJ8J1VHK4QMDYQ7F7CHN5IYVIWM1DF6B4U9FQVI4E9KHN0BICZTR7BZ15X4VOY2FORG2Z8E4PGLJVS4NNASQ3NM0DUM6EYQVOT8HFW5SH8HKRYYF2ZS480F0U7RK0RV4HZKWVTBYCQ94LVD2HFU70OEC41AF9QEOVHZKP93GJ7MPDADDB8D7O4TIK3860NSUC799NX6UVC0RWA5KP6CSF5ZAC5FI5SNPR5XLAFH3YON28D2Q0VSKU4JRZS4Z1B5V2JR8PUN0VLU8IUYH546GG4DJ5PZ2A89E3DO0RQ39SL', 15.5688, 1),
(9, 'single_choice', 'E4S9CAKQYDPHN50US4WAI4PISBIF2RUM15BHDSY19WPLBF6L5NJENUBTGATHH8HB0BUUSSNPO0Q206FU1PIAISPAOIJ88BBI5NPVG5DXNJR30IET1SHT8P226JFLJ1TU8T3HWONJODYKO3WLAK3BSV4UZUDC27PPYK1RYLLA40YC705QGVV1GNPBBBC65B8MW1ZLRTJ098YOGYSF66HCZUWTWJN0ARR5B40LLWR1QA88KTI4B87H7KH1WMR9GG01EOOO4OLJJKCYVK3GWZW8U0WG4TEX8ZMJ587OP2ZMKP8VLBRIWVYBHCHGAIHU6UQ9P4BNBZQO5LRNDJ5XKNGW201EANS2DH7LN6JUIBUX53OV4CJ7HU3Y3JZNWKFHRMHJ2BR9P25Q24TW9D6K513WSEOHOCUXSZOK7ITBO1ZZJCKDCDR8CRN6O0DIY5S2S4G6JJ7ZX7C2XVL2SEU2IY2SFW5V0NQ1CBM1RCDWPKLLPQ98MBIFP0FKD348J6Q4Y3Q8RJVOHK6UW6BOBT9I6BTWU0XPH64AG6RL6', 'D05Z8XCH3GKDXB6QKK29HNIYZYRWNBDOGCWD8N22713YDF79DHQ5JXRAEKO940JBWY6RZW8ZPCCIM335SOML215V8TLSGBGIVVOKM0GFIBG2131OH19ZEOIBPQRMW0KX908ZXT24STOEFNX5QMERG0J2E75IY0R72IM7HM7LL95QR6YKD8H3JB17JWXGIEZ4LXB4KBFIB0FP5M9WT2T4IC8WFJ4W106T03AGMUWKNXIICD9N93FL0G4P1U1KGBHJZZR8I42VS450O0QDIPL5MB3N30O2DB4A79CTWZ6YA5K6WAMQO9N6L3VR6CAMMWKZHTF9JADN6E5J9H0C1IXBIJORPS7XULWTBVQKNFGYYITUOO45ENEPLTPE1T6QM983HYEZH0TLI9TN83XT6YFS46Q2CDZ4SEZPC0J45E9AMZU7IYYAUJ3NMGE8C21QGAOBBY8H3WJ4JF41BY5S2WXGEMWACWGD37VGIO0EG48NIPN0UQPL3BEVLTP0YP3K0X7EKMUWVPR8KUI633PIQ2O5CAO32EVNGMO4W8XAXOCD3N8QDSAAS7YWRI7AGD7GDY5YSD3HMU6TOTJAFQOZUUD5HT2J2VCB1IWOOD6BGU8FZ97GPQ8M3ML2H3I9ZU4K6T6VJABZJJYBG6A1G4BGZP6VHHHMXJWEGY62PIJRAPLUFB1F32A7HXIITG2MPFOWEDVUBH25D7RSIXS38M8UL3ITS1D6Y4090NXCWDO375F773HNW01829LFCXAE0UZY7VSMNSUZAMZNU8GRXX20ZZ7KKM0LCRP4O82L1DUBBMZGO9X65L39PUOVWU3I5AN5PFE4DL04K7WFDK2Z46IMSQV3Y8SOLBWVD969ZOKVO03Q1ITYEBCDAF0WT1ODTBGUZLAO1GF56442KXQAWOYXADPP9X6CEZHGCA69Q33B', 1.08721, 82),
(10, 'single_choice', 'SKC3RR8T89QGOUY81KDVQT5UR8YKOF3H722Y4W5ZFG5LCKQK1D2TULQHTNQ9PAHJY766M8R0ZXJR31CPF9RI3G8R9N87NKF85PSSU7G1HHXSOD874IFHYGKM7NYVALV1T19JJUILKK574V94KNTK9BMYAL95JGU3TCEVRGF3LPROOYJYMAQAW4V7AFL81CWDPKQ27C0AI1MS4Z2I47XBIRX3LYDMG58VMNEXSID8O0M6YQLDBUM94S0PMGUUED8THZU0RSAD6YB8XFZPJOXLPY1PLYHDUJOSFUPLZDIE618EE4YUNG2IWFD3IQZ89DLQL671QS9C77KIFN0A8A2NGQOP0EQ64QX7UFEVR9DNI6SNEWAT5ZECPC0XXYV7IYG5XHF3S15F3GQMWDGDE1GWXHCF31L7GDAOKCRT5GU9XAIJL5CG6MUYQH6AAUZHHSTVL0TPFGDQWOA4WYSFFISRXBP0HI6W3AHQAYIKE1YIYNB9EFB1V0UIFKSJSQHJ1GQI2WKMDZJSHE', 'LS4V8FOQGUAQ7WW2CJNEJTKFLG0387IE41605FM95T41O4ZW2FWWME9MSAXLOJBN8PLSVCXJ6ML2MX5ZP8TWKHKUC155XTOMDE7N5IKYL7PV9LQYF62FV42APHDKY5HINXGXBT4GFPYMC54KJISCLBTJFA7PUS3154HEHQWTC3TE9R7YMDDALXOOC9WDQX2M426J7R3OD5S2E0UEMDCI79TUMY0BHJRKL6L76C94I2SIZJX960N092RO0QVYLND363YI4DN23Q2XCXF6W35GLF5EX8224WGX7EBMZYAPKGJFL3IGNLQC', 18.0448, 42),
(11, 'essay', 'FASI53G6DX652MBLP1DSYZFI4O4SFRFPOJAQYO223T0VXRKH0N0RHR46XW86P4BO8WXOSZZZOKB16LTA7JUJTDZB5XT4GARXYSDAQZ4BR72PL9DG9RKM8HBZPM9KQ1SOSR2AFSCD28TACNXO4DNL5OJBCW2J8SSPWUGPZRC6786A38W4CP1I92JGCHRB1I8VZR7PY5287LO62ZT0MHGV1IW8KOKPY597QMDPROHULVD6R1RN5H4387VA51YT85SX3QSUH1S1PGG78FWGIG5H3DWZVM43WX1P9J3RJTNTFD64HWF4BJ8NJ7VQB9YI0VW4MTYGC1I5I56LQI5871VMO0P4ZPMYBOCAHNQTZNHLDI7T85GYW0M41I115JDOQPWRVEMVC70DQT79L4B4VZQLB03JZ29WZNMS50FP28QD53CODZ8EZ7MJRJIC8XFHJ3RBLRUFAVUOEY17W4KJY8X26P8EYYQX391VOEK3J6YL2U2Y51G29IPD2TZ0JULIMNRDBDFIV1CR5F2PVDBVV2W0BD3ORZOLW3TCED64IVXJHSRGJ9TFMKPBREU5JC1142SKBX3MP456H64RR2ZQDECODO95TB7VS0X1V8N89WOAPCWLRTGRZHCP0R3EIL9AOZ', 'EJX2BPHL7ZHMX9ZT0NID5TRBCS31OATRTBH65APM8XV23BIDM0EZ2XCU92U4PO58HYXDRI1K6KZSHV17UUWGB98Q5IAO219IVCHD6CHKP09LO8N3Z5QI89CT7SYTICN7U49LID8SGBIQ2MAB6EPCTXDWAIGTLRW0YYU55OCVD55GHH7BELNR8Y5SAJ4LIHLJYBPMPYR9DQITYCA9G1QMSHE97RW1XQY5M44OUDS4UL5KSOWQMYTFLYCCBR6GUFEV6BSRL1RGGWW2Z2XFM1J6CSYHQIIGW1M060JHG9T1PZULMQZ7422WLF75PUCIWJVUEF6FVDX1VQ3ZHLCCFSFBULUKE7HUL86ZS0WRKNWUEGXYDK33VM6HTW2SNW55Z2DEU9F1SZK988LWWTVXS2YF1SPF757Q7GFKFA6DN1FM8LSHIBYAJZ8K1AVD04EBW6W3D2P83W3VN7EYVUBA8AP5VNTZQZTUA6WJZ337EZOGC6IV07BIBVVZHM7LSNV8GVCQN1OUXC69K53JBID17HKT2SX8JMSKX18G3TCY1MV707W4UW6DQAOBNPZIZ8FZ0KZX8SNPI33E0OCS0Q1NQKQPR1GIMQ9MUFFAMVSKV3HMZM8PL50KRNHGVMTDLJQIBA3ZKHAF69584T8', 12.2602, 21),
(12, 'multiple_choice', 'XOVEQ9NRTXZ7OMVXPO1M97S8SBKQG0YGA2A0FJALB17VTKZ2LA9IMAWAPCPIITCFJ9YG0RR4RI5JDNPEVUF3TB2IECLPYR5HTU44JDY', 'WKZ6K6LU9N7M9125Y06NI4QDL4P3QZN45Y8M5HSGCVT5NI7LM9MU4D8X80KJCQ2W67OSCWOMPGUZK5ECREOYWGQ660', 2.56815, 66),
(13, 'multiple_choice', '1MXQZSDLOSPFIMXAMJVYP3PHEYH82RFU3S2L0FBGIQ10CFSH04PCW8N152VCL14XDI4T8AF93BJNDG6CX19J5G0XIXRO83MSS3WVX2866KGSB6WI6XKRWE1KJYNBQ9KEL96LO9KR3M82FLBVPC8RNFPDPI2BB66B9A62EX1I81C8750X0ZHF39NQ2FAW5RQNC3WPM0YW8VHREF0SK75VPDSSPW84DELV5LZJ4DHI1PVCF4N3VP91NOV1QADRMJW6UHCL1FJDLH05RVJOFDDWF3QDZF0JVO98IL4OS683LEBRR3IM35YA3Y4H3CIHJUAWZ699EXA16L0H0SJKMLXSTR6UO95ZNKD16JX8ZP2JRLMSZMKKX7LWHHOJKXRY22R7QB6QDV1H1JLIDXFRP2NAX0EYNUZM4FD6HZ15KC5W74DG8PBCGDS6FJ9X07ZJPFNU0CPKGRK0XIL0FAMZNQA073NAMYOJ9L3QHTF80X3VEMZ7AK6X9X47FZQ', 'TUWNBA0O645NPL159OZSHFDR8ZCZLP5LLX8LFQ6HWFL3WJN2YCFOU6KPBUIU3AZJOOXYF7VSIW500GHBLSPEDCX0JUYOAWP0XIPO97PDF54WV7WAS0DNU396QZEG6FKZDP4NQ2TXU4O7D5VB654K7WULMAQTL9Z58Z5D0JBZ79RU39T1IQ12N4E5ETBVNUZPTRHUO0PJ6U4X1M3X6SLGKKYQ6R36AAPAV4EGGCWJJD869PL4A8MXZSPHRPKMEM32M1CTOV9HE9EO90VZPM9JQ3PQIZ7H4XCK2RBCUTLCRRG4FAXKL03T0HGWLP9I0KU07XTD06O1WI5X9WJJXFADMPG4LZE97Q8G1URMIB89RB3CFC7XBDDNNHUW1ANSIKOQ4743WIYT609SYA159124VG32HLAIFV50T6BB1H5HFJS2PL6M2QUTXN886AM3BQJ73MFWO39C2WJENTPS5WI2EV9F0T2YEAAUC7ONPJ8SWFAAABTS3XPXUN62AUT6FS0BCAJCR2LMIK8H6GBPRNAMNABLAPML8V3MSK6AJ3HKQJBD0W65Y7RNESTOQVB6KK77XQXJN6ZEOZJI4RSECL1I0CNNRB13Y7ABZ2J5FXHL9DSV97ANKXBXZUJ7R6HFPBV2N148XC5P5ZIIXQYFGC3QOWYVZFBEWKGZOZISMW869TFX1PN2E4H4LD52K4U9CCQ6WJWCS9NO2XLYAK60SC5UKGB5OSH37EZCMLQS8F6CYYW1GQ741TCM9XB', 16.61, 89),
(14, 'multiple_choice', 'YW9GAWMPG3BHQVA6862UL9KWAIEF8UHPEL2KPKZEW7C1KHQ911WPKWONC8SOICNE85H88PXQ9JE0886Q9LHG73TUPN57KPUCH55OAJN0K4FWCIO2QUDNT174D5BOFNCHNOB79LYWJANPD3TLJRYCB1MRZFXPB9914J09AN376X2DEDHSAK2SSU4SMUB4XM5POMRCSF67C163O50BMN9MK5D1THBB3NGZP65T056663PTBWHXEQVPZEED2DUGPFBVS8LOL7A6MQ7H0YTB2H12MUUS75XA8G1IXOV990ARJ67HEZN5B7IA91O7ATMUK5Z5ALZYGK8MSOG8LS5DFPKYMTFAML62H60D6462JOW4JPCB0V0V49NU3I68PRC6U0C87F2WYBO9KIJZYE01FRBD1S16Y6PPEN6ZTOYLM83OA9HSM0QAL9M8G6CQNNBACLHYHY4OLV4GBYO825GTF71F06M3XX24I8EUYK055D2S2Q6R55SUCY22E392DSH6SPOX46HY952E23D73PTHYFHUW1OOM4JYP7OT7MK4AKWFZA6YVXWLCOEF5NCNDC8XQ107KCAVAVI1499GKJ9ZRW6FDBBNUWOB7ADGACBZ04OY2PUHL8O3WDJY89WHCJQA5IJCPENRZLWBOZ8LHZLTU1378ZC6EDP3IHSXG1K69GZVMIMOUPD90YJ3AU01I6O86UB5RTY8B4CWQ96GFLOQQHVYAZR0OO26OJ4CZUN0F5YFOTI0YMXPHKHKO5D0G5RCVOJC9V', 'ZKZBQAC4K9P7EJ2P07ARZDDOSTP4V2K5GB09VM683SAQ5IT956975JN7SV94VXI693RLTKA3IUEL84VRV0Y3LI6O1JUE3O87CBPTNI3DXYFAIFPZIH8OOQI6XMZD4WDQJ0SY96T7OUUH2DMWGJ1KQWAJ7PAFLD8KZEP5T0NH5KJ4GOWRI9NRTLAGNFQG8DWU5MIO46W6G5I7PXMAPV9BWPM9PXZO8G6TW1N21L1JHC15VU5U4VR7Z9Q05U3EQLN9QUHH2XJ69314G2QAO2K6M1DM15FPUXBYVDZHHGDNNU10KXQBMXK085ATXLMOH0BJ7RYM94WQMNCC4A37OSVNAP5H0U2WT48OHKODXHEJZAKY6GONTMO2X2N4JSZMC6GDTSW8OJLZ9P9MBUTXK', 7.43064, 71),
(15, 'essay', 'RJN6CJ3IJ0VQTR62Y38QPXX5JF70XGUVC5GFDDMXF819EXIAF5H4UXAHD1LW85GM77T47YVO4WCTGMEFPYDO002II6XW5S0XJ887DAU1VYSWDFG1MIK9H871GFI3QVHPCHVSTZHDLB2S31EBP3QZ16DRFT584J40MP84DTBP80J3EV4P5KKZQKVJNCVOKSQCF9G79KRP6STVJKH04ANXCJR7GE7MBWDY0W64JLC6ZQ12OVTNAGU5Q86MS0Y9ASM8NE8EMRFUUV2B51H7XD0QTX2ENWSBE0B7V5G0XYABY7M9VXPAGLTU3NR3PTOT6G8OIYLIZHQ6KGDALO2A1LIFTPFEGPOL7OIK1FKFE1C2HPO5LUIFC1RGXJKYQNIL2XIJT3JTYPA150JNYIJ7617MZSHTRW4K7Y10JROFZR85DVKICS7BDN0OZOQGR5WSIYZHF8LUJ1W2TPEZD8YIEIDIZNH4HQWQEHCOH5S0Z3DGE1OUTVMMDOFQ9QU0Z8K7UAXEKDNS58ZPB9E8CADG9YHHJKRRMOSK84VPAXPHSM4JIQV64LFCJC6KYDUUC12FE91OZDMD016W94G61JUZNFZN2IL9HPXQMM32AZ707VBE6CK8XLB2J2I35ESP380OQW2KJHXAG01NEGB5EXQ36ESSYUZMDMQ8UU0VUD998PRWDAHCUI35UELEVF1CCVPKBFE7XILEC0BQWGEPA46RDDEJRI4MZLN2OQLMBF410Q8H1VP1YL3ZIKJB1V7AGG80MU4YYSOQM71RF3EN7XWJD1WFUSMEU9HLTYBQ9SSNLVTKGCYRB6OWR7Y85A9E70RKRAVKDZMY1R6JZ6CUSOQF6EZBNRDTXURAXW9DCPESD109TKMRDNH', 'MW2ZXKZEM026P7P32DLIRFO6OXCZKMYS50IA1Z6AZLHX9SMUKY33C9DE1TLYWL5K', 16.8408, 74),
(16, 'essay', 'WGAAHKAWM8MIL6A46PEWOEIEGZXDS51RDSCLI2C3Z7PLMWFTKL2P99AXRFKUG5YKXD1HG', 'AEO7HJS7NFQKTPAU9J7WBNWXN4OV5895O9NVQMMTRNKRVPOF1E5LGKHA68KQ3JLH5M0I9XIEYH7JF2G8QZEUFI6C46TV1SAZIDV5T400YVHGVEC2TZ374VVH3H87UHPSA3CAV0LRN21VJVB1B2IM91QBNW15CFCWZTGZ3KE0NE1UOSB34QNI7BHQPXD5XNH0KBK92HSCBN1XQBA3G70PO3IH8IJWSM6KVR9UY8NX7QG8XO0M8LIVI8MCY5MA320KCRCYG9E7VJ6XQOSU1OP1IZ5DD2OIA8SSIKOWXZ8FESKOLNTDEGA6Z1KB4XKQQ5TA0N3I1XI76H818T7YPWU8E12DQWRHEVXFKKSFF', 19.8837, 8),
(17, 'essay', 'S0A0G8YYLLTGJAI8L9Q8K4NEH63VMLZJMUKVDTBZ73CPA45FJR4SAEEYRS6VLTT4W5C74J5CX2WSMSIV2VO0BRD88A33C5QASSKLY5XDM9SQSWYA0PG1339T4IF3LE6JYH9YETEITLXFGF6NZ1FFZV9MGI4S9RCT9Y7TWV5M3C440GD8ZRZU84REKS1LQZ4HXDITXPFEP8H5O968716O8D6CL9NK0HAM23Y4RA4M758JA7W101TLDM65KKGUWFRJJABSBKQNJW5T5ZM83YZBYEOCR77QT5VP19A9F7HPMHUXHYK7WETZV83EWB3LSD8PHDMPPT6C20ZLYW3GXKG3E2QYW2EFDUBCJXTJ1YG6BHAIZ0SZ9F5TNIKM4U4IES2DISIA113ZSB42P31O2GH9PW92K9AFKFCA15LSNLKP4GEBQRNHESG7ATETTZ3G8I0AV8IEPK19PZXQKU9T1VLG6TKFILK0IQ7RDAU8QVRW96PLK0VZPJRHZRY9PRTJB0WIJ2VS1YBDK2525MIJ3I572SSTPDBO4ZFUCOVBPLZIGBLHXD4C52EOD0BITZ5M7TXFOF8BR5CN2MZ8CJ7TJNAC7555SZCJVW5W08WNOE3OWIIYXZ1N03JJUQ43REU8F83B7D80LTCH9U8G2OGVC48FT2Z4RY4LJTRXOMYJD4U1L2J0TTH00AZ0FV710N7OZ9CWA3RIT5I1A3VDLY60OZAT56JHW75R6WNHFK70T04M4VKGPC5ADF4GVNRS83ODF6Z8OQXS3FWO659SABXI5DGXDPAXSTCHLX19SBFVVPAQMT2WRVI1G8LGSAMFCQYZI4PVDHTH8I1GRC0H4ZRD8H31PI9OGO8HS4U0ND4BJKVSGWCMSTU64SXHAKLJAFASAN7CJZADJEGOLU4XGPNAJVM1H1Y9BJ3JX3H8', 'G833XQU23Y6OFLLIL4X02798424VJN7D4XRH8O5B2Y33ZILHL2NCE5M3H9CEV2LZ917U6XL08ORKB2WRA7U9WRDATILR4WPV9IRU83PDEVGKQIFG34II120Q20H33SLRDIJ428KB6T2HPJPNAY5MVX920VRSA26RK8EH5X3NXT42685UO3NSNCTQ6SWKANOGT8KIS999KDWRURAWJSTU2GYFKIHTC89EQHKPA0W7D0G0ESVV9GV1XK7085YEIOQAZT5P7EV1ERT8WD8QNM9WHHPLORDRN68862KINOKVKHKTV7FQBCGA6I0GPOD3PYU4DG292XAJV3QLFDJNSA04MZCLLF63OXJHK1PGNSWEGFDXFA1MP1C9T0BHX7PQHY4BDFFEJJCSPSX2CPT9N9553FQ5WHSNLVI1XL8NYYGCIVNGWG4KGMETFWV5AIIGWH25KRXSZPL6BN0QL8HS3N7TEADG53YD6QSAO7YXVM1KZ2ZE2V6T6T06KN0LCDYAHCVOY48R73W1HFYOO5O2ZGRGFQ5TI2ZZH20SDE80IZ4RU6LB9HDY7U2QRX8CTEU99EIOXVN4DJME9PCNRN58TST6XT4UKFKXTNXHJMHPGBKGBQ4ZBPPE7ASJ3DP6LFJ9T00Y2NKZ5FVCSJQMBM98OBT5K1C8QTTVRRK7Q1TQ7AB3MR4SQYV27NU455L3C06YPQPEMKXMUV73S85UXUF4ZZP49P0FBW0FRM7OVBQN82Q8KK6OQVRZNO1VVG2MV5A96HOA1HGEPIIHIO9YZOWKYKQJF2DYR7696HRCL9K8N0B93MA6LQZT3NHYVDMRRKS1X8YWN0A7S5O7P7VT9Y21VGP02WD6QWWKGCRJRHRVRLSMT2UEBLTUN88ERZN2TXJD0ALQ24IMF4V1H60Z1G400Q7EXVWLTR2QBDD2PXVCA4MKP5PF39MQPXEBWX', 16.0717, 14),
(18, 'essay', 'B1FUVPEWRUT9171FGNE0EJ7MM78PU00Y13DE8FJMF8MXQT4L6HQJ9ZMLBTKZZXS0CH943Y2LMYK12QZ0ZPOGNZQUJS6G2LLCAZZDER4QEUS1XGY1K3247CV73ANIJBU90OC8NLUJFIG6YSY5NRF0PGE10T7924B8DGA18C4YUKQ7Y4577KRM3DVSFJE0DG6LHGD6MVH73VWI6T0QGJRHM0QEKJQTBV5QO7KJWOMRA4OE8W', 'J6EHWDUTZT78DAP3H813LPLLKP0750W7UWGTUSUTBMFTYUQCI4HYNHVRLHIB8GV74HELZUGEFOBWO5SJR34OCI7U94F5A996X98A3FZGC2XXERPVZ22IBJJOVO8AUOR60Y426DDOIKC8PSXUMD3L8', 6.36674, 14),
(19, 'single_choice', 'BKBNTNP2YVA0ABR92WRAZJIXS3Y9X49HDGMTP34QG7SMNKZNZPM6PF3S0F1JH09RDQXU0UKN289UCQSAKV8YVXJP2K8V57COC4Q88UXUSFB206WYTYDGDZS5UONJRM6XJ6IKUMTLQLB6EAEYW1KHYWNL2E0J3WJZGV5GRMAZ9ZV9RV3I850RKLG3WC5FLUGBBDLFZZVBODFHIQXVS29YEF9V8T5RL6YS7U5VHMHQLAXIV018VYNPQDHW4TAF6UDA9NT10UDL64RQ5X2JSIVKI6Q7UHYUAQ6Y41P06IQ8UI4BJKPZSJ3RCTX824H8NMAPY0DCEEME91DWSNEPVXDUYBTLATSID8K93GA5NRX7XC6IBNHHNFOHU2SOBWGJOEQ1W60B1DMHQF1FU0A4I139TXVVPNHGOKV9AQNUS1JMR8PXS2CKYEDA5F2JFE34JFWUDHT3G1QVJ2V00HM3KNYMDYGDQ23WUAK0PQ0PSAHBKXKMVVW099KVJO3W2D9YCCRNBHB14JGQGIFYEGSE6RK3J6XS01HIPL8FBWK26TGISPZ6OGPJA9TVYHBQFR8S3T0GKHYMB9M7HW64HCNHBS07W1RAVWCAO0BGPPGX56RNWJFMDHGY10F4T4GR7XZTEJY9Q7RVWFTGYGX77QOIV8A9PFZ60F816VQU5EI15G11ZEV9FP0ENMLDUAKDUKCDCX7U8E1HTZ91ESN9L6GR7O7NU5QCMO604IYRHAIDFQC21GMK4M2A1PHFGP0XDGFNZ1Y7KWR2D7S0J70P9FIISN63J3QSM1XYFFOG5JX6Q64', 'U96LCGKFUPXHHWSXB84MBMJO6Y3SJPXGTP95KK2F03MS1QTOM1TTZQ7KS9L7ZZ0RPJE1RSX610S6ROGXLRRL3M0VLWIG7QK0KJL72ABDZSY7FAQTBL4PIC5ZGRMKLZV7', 3.42117, 6),
(20, 'multiple_choice', 'Y6RMXT849QHJZX38VV9PIQEPWCLO6IZ148OC1VTHJ6A2XGIQ1Y13C9DTENHFKN2VBV3C121OVBN1RS7RI1LHRTX8SDQW4KIJJ232ZJULWHY31148N5EVJR2LRW26VFFA0ZYVKJP5S1YU970JYRIRO0PR8H31TOHVAHKNE611L2Q9PSYZAIKJEXRLNK6OEU2TKE49CRTJM9U20TLZFF4UYUGBT09TTRPKLVDKNH28980MW4K9RQE0FHFWFDGF9NZAAX9SDI6Q7SATJWNVWY186TLKN4S5BT11DEA8SRAPXW1L8VRQ0RI4EMYP8KRBB0JY4Y4NHRDCCJUZ30WL46W4MLL245100FRQ9RO3SO95FSMCMNLEWJOF39DIFHCD35OT26WTBZ9DNBP9I6YEXR0MN8X526XU7USG9CL673457KE2CZ3T58DMJNGC66YREBVDQELQOS02CXC5ZARPWWVV699IKPBG9NMXMC7PS9MDUTYUF28CXR4LA1TBE61BYT2USF2CQP63GMGKPDEWGA5YPG5PNUHACO7XSJQSHVC3THDW1DUBLDKVJLTSF26G', 'C871UFLNQYH5CYFGIUTLC44INV7PHETUKEXKTDIB6UPJWPJ4OOG5R27SAQ3UXT1SPQ5O4779AON3IB79UOO6OVGG1MG6Q5I3Z7ORMWVRPTZTIGZ6ODXWGWGG41U1UXXEYHNUOTTTDWICR20KYHC5T22HQO27O3VMJ3851', 19.086, 95),
(21, 'essay', '6THXKFLSCY43STE7M01U1KO48IYYS8WKR8256O90OXMUH1O4X91HXTFPE3G2BX07T8QS4HHVLMNX5XR05J014YU3HTUDD3XOZCI0F8AF5W1LTE530J1HGU9UBOGNZ5LJ9SKBAEYX7VL49ZOJ4W2GW0PRQJ8EQW2Z5C0H7VA0SRLMAR7U59F5BLIN6BFOV82V9SDV2PR7NRHDDCD68T68PSPAI28M7RHBALJEXO36JJ3VDZVVDY8D8ZD934BCCJ2ZLPIJSL451J3TEN8S47L91618676W6BQKUTQRQH9P5MDIFNC75K5AEWVXH7LIZXKDZKZAVRMSYHV4CGPBV9Z9C1ULDGKS3HPPP9Q9GK6RSYZ6I22PG1SHXWAE3RO9I1UAUWMKR66KMFVQ4INVZCBPQLYCYWUO504VIYJISPG1SWA56YBXEQCCZ12X0PMB67POFGZXVRZHNWZL7CLG', 'NL7PGKCE89W3LNW8TMG6I7NFQM4V0PSPCE5J6J4228IYFN2SSKGA2S4E863ZBIZEVN31ZIKG2ZXB2B8LS95GL1NHABDIZ3UFJNHBCBOWQU5F41HYZ26UBED86UJFGS6KG4RF6ILT96ANK0VO8G1ZPJEDCRGYSWYR4U3GTJ8B7K8B7YSB2HTF0XM4M41VK8G2T1T9VECRFUIPQQDRQDQTWO0BLV0XJMGXHUZB6NJE7NOQMA5ISRS4L8WI6AVT91R4WBZBNAMFFL770PXG7Q6O5EXZ41XAS7O87B2UTQO1P65Q8HIUJ3A2P39VWE5OG9DK8HCGTEQI61O8HFVHMUUNSJ4E', 17.4037, 86),
(22, 'single_choice', '3J8IOH3E7H9D59CP7PD7Q1ZT9N0OSY4ZBVH105MVKYGZTFRKBLEGBYZMFWC6RCIY1SO15ILNK8R7KLC8EXCTSUOSHBJQ2OG81HPQ9793YIY2VF2V01LC5CZRTTB620WUQIJ67KUAQY8OZ1DW9GGUX8C6UDO5IRWQPX51FT6I4T3PQNU7ZKDVZV0QL64R37', 'EYYKN3MMD9IK1MDGDZTSJVOV0NYDYPOWDPN7LQ3I28KGZ48EORH0M5NAPN3CIBJKXS4HT6JITEHIR3682U5MC46WXP6LVDXFD2W7CB51W9YBETYZPNNW0H1BMYAVI6Q021HK81OZHV85K3FSKHY89S01YAZWG4TUWZ6JIYV23XIXURK3GTTF5372TLEZHXT7OG7A8QEQ7TPCJGYBH448X8H732MWXM36QJ1ZGNOA6RVAN1NZT69GGB82A808NR5EZZZ3TK3ICCKDGKPZ7SYYI97Z507SG267CWFMU72CLPSW692KIMB81XLQZT49K8AQ3YB441M1IVSH5KBRVAWE8HXPE4527PA15R6NWZM9L1HSK3EUIB250IKDTNJYKEPLS70N8N9J7QPYUN0ALQAR8C4HVW9OYXYBL6LBPH64V514GXO7AYGM2YCOZB9UTE53CJX0A2J00NO4AWIVNGL7P82JWNNSASIVUVSU6KSJVL1ZY2E0VUBCGTWA6LCD2GUNBZD4US02K59HOB64E5CMH9UGD4G1Z', 3.04033, 3),
(23, 'single_choice', 'V0WHE1KFGQHM097D2T1HNF3R0LZRVBVY0JVKWJJNNDN9DU1YGH68EJBC1PKZQL0071JSMIADLIHNIIXU8OOGX8MOR55WMGWGMKNZ62AN1AVW0S4FGKO0Z4IRWUUB1QACALMV8IYGC06JVGALJB6YG2NC60QI7QDOJAYLDZGFOXI0SXANLI9UGL19A3CSKJR9IB55PUFL8NY28DHXKJ79BWLDRO5L7G7ADUOXL47OA48NSYGVNYM954C5XLHR9AT708708U0AL6KF5OYYB21WX7VUQ2C58ESXBJM1PR1EU6H0RPAY0KG5HRG67V821NHKS3DVMGHBTRQ79RGOCOQ0564W3828V7XPC573G6IUWH2AU8Z4R3URE2YXWU5GZ24K845YCJN0H74RTZK09ZKXNPTIVT1WTGJME30406MW6LY5Z5ADWSYEEVOR9004WD50KXR6H1TROFT4T2WJ4OMPZ0F9ZHZQTR9ZO6CXSY2XKLIIX6CFQ9XKACETJ7MJK21J5A', 'SSTEVI6D1HZIM0C36ZE8YKBMBPFPYAR8CA09I0USWQPGKX4ZKZPAYP2RHGCBZ4H0WLFO78GMISV7DUXLVK8E5IUGJL8CWU3M16GMNNNCYX06O1EY8ULCLJQHV9UB5AFBGXAQPT4906BKDKV4N2H7A9', 5.83677, 8),
(24, 'single_choice', 'D0AEMJCVH38LIGZXDHVMRDSUMH3LIUJ07KUIHBXB7T6DDUS8017MHEG6E1GUH10NYCIGJ0CGXH9H1QLJ6AGJE2Z4CYW3M6X5HG2JN7ROJN8QNU86WN15J8RCIPYXQ76ZNVM92J4DI99S2TG1I586OK14O3YP1BXUJ3ML2N5FQC71IWWHCFAFRE88Q0S86VJJ10N61YAMNOPW3I7Y91G6IWDA1CAK1WZQQ64FIRAC4S805JUWAPPOEFA24J01SK6SDCBSW715A8IC9PB87EWZ7BRZG4RXKST95TNYWO2AM7LKEXVHAUWI5AQDOO0I33MIM044MGXQQSEI4NGWNM24ULJWTBBDL0CQ9WUTGRZHGUS9FT523F3WMOLRXMDXHTRF42Q7G1P5I1K3WBKLNX9E8L5AVALSIQDEGMZVVMFEYL4ZPSSBPVRZAQ8VOVOX9TAX5AF91HLJRR4LYZ2DY9N7JZVB4YTTMJPV8K060R8LKKKMY5ORKBJ06OW123PAXMCANSIU6WNQL97FENXOWVYQ97EB4M4SR4O3MCOQKQU5S49B06MA124I4YDEDPH9CPOX51HEVSCRDZ1SI61YL6PYVV98V9SLX1O72GX', 'VB13GVBLL7R6BS5MRY9LTXPEPC2ZCLLMGN7FSEE1XXYMBFUHDP500N05MO5GUGISTW97M8OFN2CSU69RC05J6AIWCRKPXXBLSPXWZ068FC8T3FQ5CD8SC0XFLMCHCW5F3V413W8TFIO7E9MB6FFIFIDGOFJS23VIVAWVFN2FR0S3Q3AW9611FYCFL2B6BZTEPYDAIMUEZZQU33MAPGF6WZLVYOQAKJOGBL80XKE957LPDM3NCV5JIM4BNYXPYNR5ZZWMB1LRFMDMMCYI45C40ZZJ5I66QOBI9L9ZYA5GSXUN9QVNDMVIQ5G0Z7GUELB3XPCKWC386T7U5DUNNZW11L7I6OHX16UONF6ILUYNXOK0U2S7UUYSUW7U41QZ9E3K6VLBL585TX5NVEFN3KCA6BQ0QL14MAGDDNO8377VBNJBB', 12.9911, 88),
(25, 'essay', 'LLJYA7NMRE0Q5U7M4S1TXUZ6ZOF55ZBPCQP6Z5WY14HEWBS1S7QQOYNEUXC3YEVOJZZZL6DGRUXK668DOUUH6ULCUVSD1QUYKINRYYBETFYFM1CSC0YFEDTKOEM0OPGNKNGUF48MNCG7MJE4ZIBVQH97HE47WT58H2IWEPA4TB5OBSEWRKU2J05MEC8LOYNOQ5H1Y4BFNGP3GGLHQKHKOHAOWTUS9Y6K9S67GZXZYN217O29NLLUKI7KULGB248F2GDPTINPLMGQRQNT9XNUVCVOT57UI7N723E2LDP101K34GBAOPD50XZ8QHH65WWV99OYG20SH4GDCYBBXRWOJ0LAL6BZWJM13IVZL7GYTK1HGM4C8GDQ96EAAPWKZZIMLY33UCL1LJ023EX8PZWLMA65PLZWH42CQ9ZASCWNETHTG446VWX26ZXYKA4CS0FKA34RH21S5LZ29H7SLY2QGTN85VBESYO8SS10AR035V1TTP6791CQBHFOCLJBFH5U4DJ6A3NW6CQ015LXE1OX89E46BRM16KV75IWRPHPXY8ML6X2VEYZCEHPVC63X70AIWYHHD12E11JJUUAU36WTBT5ZFO0CA65I4QUN4SOKM3JWE5AUHTT0UHDXBCPVLO2ETBZSWVULLZ78CLYPYT8AYLVEWDURK5M8CNWFNHPX3F9WRBCQGV9T1KXHH5OHBISE4BJJK6XCXXYYBRK74JGTPI16YRN8YABI4N8UF51G99C6H8KGHE9FNN2ZG4IDSWR9451IGXPDFB9063AF2LMY1BTBDMSWHSMRU5T4DHR8JNTBB41P77KK1QWB3B7NA18V4779H9L34KLRH0SFBGNJCIAPFLHXZXZGJHL23CLVF9HQDC193G0LWBVWP5HDUK57OD2U5Q4G5KC89AR4E0PMCB8HNPJ9CV2CG8W54I', 'MCK8VV59FG4P67X3WMT6B1PVMW0Z9F5AS3Q3TWNTGSY4XY6BI1J3OODBAYLTCDSDU6GV89ZLBURXAUJLFDJQBVIVLS23FBRMQMF67OAT1FXEN52237LXVCM2HSP3Y309CLC8Q2C73JNVCO1Q92KY9ZBF0D', 8.1119, 61),
(26, 'multiple_choice', '5WWYJPAREXAYQHT3V0K6T2DFC2P6JZR7RGBDVKUJID1052QXZLO89GLEZB2U7BZAR36ZG0WHIC220N7KX2R62VCXAXRV72X1F85L3OUMAZE7PZ991Q76MHTH4N', 'AKRVXONEGPSFJ923DXLPI0SR3VBNOWD6XYKB861AOVX0T5ORAPO0IXQXE4Y92ZC6ECT8FD6WLNN1LYUGWPN5LZD2K9FZN6SJSYS1M6TO61M1VC4SYWSCS9W2S6KVYB6CY9JHXEXH8UY966ZXP6TGTV4ZF9RVMBI4L8CH70T1FU0YDR5RKVIMIQPA5LWXISMEU1HLS41HTTY5DKV1VWK7YJ4T61BQ4RXR2PESRGF6UTWV2O9G0', 15.9549, 21),
(27, 'single_choice', 'PJLXWXU7OZZOWPRFE7ZVZVG0LODKN3HN7KZYWW645E2OKOMPX7G5FTYY277AWQ51DRU1Z2Q6AKGB5KXE243JYM2UEVMNLII66D5P1YCDUT1TT20HGBW1R9A589DUSLXOBK0DH3TR2WR9PGJ8JDIM3A14T8HDLHMI2WOHBF13GF494VIAD7ZQQ0SSXA5QVZSE762GRC1KAV1KTFC6UVIPX4OILGP9V9QKY1G1U2RSKJGSP0V7TV03AZQ1HWFRSOP7R3JQ8NU5L0J7WJKJFGZ00XBWNOGUZGECQDF1U2P4CCW3A1D9WY2GGCMA17QILLCS8J9S5MYDP5Z496HDUJUF0ZFMA9SHC5HUS7T6I0LN9NN411DFGC1SAQBA4H2SC4C41BQ3NXBAS0EI0YHTI3X29Q4VRXMDUU3UD7BFMHC0VXFEICEF89ZNTKYU5MMOJAR7D623QTYSMUGXSFNA558IDOZWHUHMBIMARZMMFC9K2OYYDGVYWUQ8B6SKQ1LGNGVT72V4N7CQMHBCIZ4757QVB2T9HNBN2W3O4GANH3ZGSVTYIGDTH3MVDRYGYHZ692AXQYSCD21F7REJEY6X3TUOTQVHNKL1DYK6UO6TZ7VK1DOJDI54M8GLVPD731L9X46ATMQXGZC9HO4XAKEG080TTZ2FNA9VL00AJ8QP7TDMDGP044M3AUSQU10AK29PLZGQZ48EVZ3W4S24TLDH88W9SRKAFNU6TK3UYANAAKLF14V1POLTL4785R0XRQN8C8OQVAVBIGYVTQ40OJ0PUUBZ9A9KO0RHKDCWCAVRVTGS8Z8NHVB20SU1KGT5HWYL7JZM7QO9NBYK3V7IWF7MYY43QGR7MBR0HHNRERAA7E4MSUSBRIQ0T65W0751U7MKUU5JC54U55Z4L5GVAZONZSZ080DJY9GQTM05N32TUAUJPN2E1', '42HWM9DIHBQIYIQ4M5U8YHNI3GBV46GF8UT1FGZMHJT4IV7IZZI8VJ0P3JMTRIUSMPRR4C01W10J8JHA3CYU46ZE40HTO1SYB0D69HE1X6SL16HYQPK', 14.6763, 55),
(28, 'essay', 'HM8ZYK8WGVJIP3PM0C8BV5CKC8WUFX7JTHM6VJD4GT5IWE3ZPD7U4QZR0BF3X9G45YEC5BL24I8X306O7GBUZMYXCWT757778CJ9C649OWRAATB03DNOTFS3I5L6BFMO70G7R6RI0O7YKC3I0VK22874EO7CQ9LA1K7O1KRDCSLPOIFEB3U7D6JZ0ZAWHB2XGTXAKYF0CDQGJE7', 'AIZLY79S8VRJNCP9VIDZXF8XBQ4PYELPS9FNICSZ5U99FBOIZAIEQSE119D3S1GUIHEKKFN5FUGM5CT4OA477DCWVN53L5VBYMZB50HSNB04IAT6H9LNH52GH5L8WTVASYP3LCMJTEQOPQ4RLBJ7T3I09WWZC37LFYOHW962IFW4DUBU', 17.8376, 70),
(29, 'essay', 'FFS4TBU9GT740EYC0XBXHF5VHS3ZDMJP336VST511YAW0UI19GZXOIY8EZ9GP4YP8UM55EIPG1YA8Z2PD2WL5I2016KQZAJD1CGW0ZAAILU7PI9MQIM9O7D1', 'IBM0043IU2EJ22BNF6MR3918U5U7DLJ4A5TBJQU7J9', 7.90824, 75),
(30, 'multiple_choice', 'UWV6C54QPBD150GZYS8J4VAUTP0CI23HMYQ7MGAIA6NXX9VYYV3VM75B0MDQMI68ZZGT0P8A1GDZY7J6ZI7BEJKTKCCQX5ZV2YF88H9X6ZN8SG2JVQ81R0IGBY31AFAN1RIVBVU91XL523FSV0DL03F892O6Y1QATGKA0R6FQVBDBQUIQ3Y1NMFWLESPE6ETD28X3KQJXWV3N8WCP3PFDF7ZBLB58Q7KB6X2OHR3WLHDLJXMWBS657CLDR0V1DRFMHZAE7GP8RU6AFGBVCSJHITNBX9AQIBZ27RP2CMV1ZBYW37JRZ59UIAAMYIVZD9K0JB9LG7JQ35LD0T3NPZCVJJ0XU46PHSE1LG2MFRT4AGAGH1W943BJX2F4NYHW7L17CRRSB92K936Z5ALGRSFSTRMLUXAOE97VB3VHMH6EIJB5FYVKDF802J67Y5Z5CDF1MT8E2DQ70E67IZZ5X7Q51G8LG2C93M9A3VRVMS1FYUT8MQC2FUZDM5C6DHEIBSTAY00FE8YK7HX41ELEKCR2QJZJI6D1ANHJAYT58Y5UH5NRICVH4TROU346V55453HJ9BLGU2AB86WX8V770CSUBY2MGJJGD5XY3YMXPAW4C6TD66MOM3XO6B0T3JCA5UH9WJVW432G2QOZPCRKS92609JW00BNVRYXJM7Z36CYYPZT8Y7YBX5OMJTNK56Y5X16G9SMU2LGOJQ48A505DLTF4N94M2SVWK00PEP5K1QBMUQY918S8ECYJ5OIL4WSD1A2JLTSHQQ7RLR3R99TWSF59AGN7076NCEZ2GW1OVI3PYRG65K5KJQMWPA3IVPE98L3RJ2LOMQZ7C2ZZDCF55UB92KHUWHBZG7PJF6GE010KQNY91XQEB8M2M6NBMC4Y2IO18H8XEDLNVWXA0THJ05AP55SO08FW4IZN6U5IVPXHSCPR79BZ02GYYVEGM3ISF7JIEFNJEY3RGQI71', 'KPI5YDNFCMCX2M6AY0IO4CLT62ERK1FTNO2RKQWILEMFSTUJMN69R4H0DGTZD2GZUWFDG2T356D6WRJ1JMZTLVQNYH3DPDAY0YSK77WI0JK3NK02LD9UC6HWZONH9VSZ2SK3FK0SKEY45D5LHKSR2OTXN41EON32P9YNRZMN3D07UJYCYXII2VXVZO4OQZWXPUQHMYCT6V4O8BUXSPJRJ79KAWSJHBJALSXLSB0HSQFG6ZO6FJLH25UV69L4PUAJ6ZOBKUMBK3FO3MZ8J5SNBB0WHDL690D9HZR913YTWTGNG86AAL3EJ8JNUTUUVMQGKZGG6N41JKCUGE293553BL4RP9MZVGT32ET46G47BHYJ5TRXT0ELFZ5LYP3HGP9MZFHIV61IPSI26WRATXVNAQ80ZMWJQQ1R7YMJ95UJQGUFODRB7XP2C68SNDYMCZELJKQWLTLI7EUP57LI01CITX8Y9OOW9OP48BJEHDT6H8T247YT3ROTZ2JYINW8S1DZUQZF057WGN9P8MW97V1YUQDTDCC8ZK788W331A6GDFBD3TWKHWMFTJIKGXLMQA40AY0WSU3H4V4U82WA4JTV74CCO7UD4PJP72IOWO5VNHGHUYBVN8TS68ORH02DCN5TYHA77EK8VY4JUTFFBC4FQVXXZQ9QWESZXWBG5543Z1BIWL22WQOCMQOXQOCSFSR47TOVHG6I3OG2779X2H55RGA62JCWLFID89MD5BXT674C75NEOK1LNH76LAAX679NMMNDYII172PT', 13.1099, 85),
(31, 'single_choice', 'LOBTV1W9Q7VVICHU81GSHLV25QAMV90AI9GIO91W7XFNBPTDYCZKC8DJNGX16YG0W0EGS6WPFTRI353M4A5U5N1Q664YA9JO9U70XEJQCJWB1ZETFE31WKT60EUY02VL67CORTMDA4ZF8T52PCP4KOPWVI4XY56JAE70DGUV8XPKRZ8NX3NDMIHKEQ8F9CDAQ87ICAIXSDFIVYFTPCTFHOLNYLNDE43XE9K06QYD5SK916443LPZFPCP8WCE9PQWV9E594D0GROYCOKYAKO48ASDZ6MLJV', '7L18RKS5UKKV09HBEE1J83WTRWSF0VM5B3YU4F73GTW0CKO1KIPN7V83UE0NXT2M30NNPUXSQHUWF2MNLWDXE4QT1L52OPREQFKMD7VUBLX3GG9KFPCTBYAAU8NMZCS9GXQII6WNW2OPJQQN323ZWYYR8BU0Z0OC0D156WGNUP2V7ZSMFQCQ9ST2WYGSW62A8VA2MIP3MBKWUOU80BI4JMTV88D0XJRYV30LUOT6ODGSNBGO7ME39IA7YCHLQ0FCWT0ISAOUJ29OTFC8Q60B66FAYWUF6WHT3FRQTREP11C26LQF4JKEK5HNCBGNWVK20K4TI98XLNMM3HEN8B7AG8OPZ77LC3FTB2EZAOOZYTZI6ZOI3PJW53R8C2XAK5IUTR4SQ6DXEG3W0452RVOEMJ4DW085YGVFN3C1EJX0HBDABWRSEKB5ZUS3MBBWUJ0VYYAVVG5L1SYJGOMZFLHIBU2M7PYHRJ6EUDYJSOXEES336H6CK04SENQE1QBGUGIXSV22K4J1EGXP9LNZAM69W10D17NOXOROEHXH0TN4WUOM7CV9ZLHX37J1Q22R8TXLX8XP4FYLFL6FYD5DXSTRMBWA361N16QYUE4MS0GUWV9U9QV8GA1HCHNEFS3F3TLPBXLZI49JCGZYXAZZXM6RIZ9X0NNKGRD8IGF456ZDINWS2HZ542N72UQ8PV0GYSAV5YZYVMI05I', 19.0259, 54),
(32, 'essay', 'DW2O361DU3LEOUZ1WX01PGBMXNK79PM4NWQKLW3JMTVSW8LAHM3UWQIUJIIJUJBON3OKMKHOR011W6H4SK7RGYX44JQWMOTNLG53TDN9H1SUTI4K40MV4LMP1N8LSU582NQ6FI98X6HBOTV9FPKRRV3JP5WS31OQ96B53CGRTY55FV0EF9MYO23LT7GEMMA9T5DN3K0SU89MFMZ2D6JVX3LMHPL8C4TG5X1XE2RWR1HDX4NOR47KCU1R6LRIN7H9EOEMS271NBNVKPBBRD7ZEUDG5PUTPVFEZERN70OC1F0TVKE3PIGG6EDR5WC08VNEMKXV3DI3BXOFARPVWBIX23CGDR120ASQE7SYXKNG73M1JZG8YM8A4OWJUAH8J3BY05LWNNRUE014WA9DQRVVSN3NSGH0SNSZ0XX55YL2XJH3781DZJYR4GMU3RR28B1WPBA6STP43NXCFALWV5S2GUP7FT4M9W8LWSRWHQZ867WNMD5Q8EKCQ8E1ZOQ4IJWYD1LK5VNWVPLSJWEKUYEMSI04NUOLNPCUDXJ804YOEP5TUH53J9O43YLUHOD90XMS', 'Y64PQDSHTPOBRN05LHWL6YR0LYWHF9MQPA6PH0UXK7H6BQDH12B5GC4HALU1WVZA8R3MCM6FOY4S8F2U3OE3F56C13Z6NVS94VY30OJS84WEZW8AW1GE1JBG55QBSNL0B3H39UNS3813TBS8BL1SIE9E1XOV1IM', 2.17418, 64),
(33, 'single_choice', '604K2NQNEOAG9DHTO7CF67C6RS5IIC1OYH7WWTYATATRLAVCE635K5GHYVL28UTSNO0XTB4ZYCNNVQ6V6XHJKM51Q8WX6XL9AXYGYJ8M1PNSZO5FT39H0KK0V6U5HAW0U8YGP5F82PPV555K9KXMNUCIJ0VGDW4EPYZWE2970W4CSZ0FZDELC9KERHI8SJ5ZU76LYZN889QRGGD2XHPSZ49RBNTDP607MZDQ1QQ96W9U78YNLEIQF93VQ1U8QLAH2V6444ODEOQR8YA4H3XDY6GEKZDFQNHS1LNFDFWSE7ULZ27OUHC0MHLUYTRWVVMJ03JN9MTKE1DWK0JZ6FQZLVQZ3SK0LJGKRQG1NNX9N05SXQ9GF6ITWD2L95EI2K0ZU11VQ5VF5DDVTEK01WX90MRN59CNM27JR8HJQQD5CFXWZ0G5PS14P3Q1PFL0VVIJLXVYGURD72TZW6B5W32BRBURH5ED1QGYZUOJDSD500XXWJUG6TLNITRAF2497HWP14MWEGOYDW3LCQOYI16S656MK5OUMN9ENAYIYJJYM1HSYIPYIRWWKF5GKJOCT8DCQDSQN2OHF66U2IZ99V9SM7FD86G0537P1CVCTGSLDKX1Z5BTQTT91YY0ZH2O0ULTUF5LTG8MXH4JEO2UVY9KQBG48G0W0GYESFNBOJZP5PFPCHZXGNL0R4H9TYRV5820341VCEKXNHQ8A3CP36XKM7C2IT95MZNFDVWYBI6RZUPBZHGLPQ0PKW2UV37JBZN733QQEK8H595BLPY6MWB3UU9MAIBMW8HB8D4HXYQP0OSISQ1O20L3TGWURM7T62HPOWEI5O7I6RT1JV2KQ8SYVNAGA0DVMWSBU7MEJ5IDDWR8H7PNTOIKFDDRAWHUDYUBC87EG779PYQMBAF278AHQ76PA0WV9L8QB4ZHYG2GX', '91S36P7E1JNZ1H7KLJL9RKVEUJTAZ4RTXI93I4W4PRH2V8XTE3QCCBB0DA690SH0WHXXOGE2BPGIPXCS3DTGO080CT7YNKX7RR75M6Z4KE4GDAPZT7IOYVAJQ3UHCY8HQE272L3Y54RFBU65NXAAJBCZXT6NKGR5K6QBWGQ8DKG9Y8PNBJWWQ3VG4RCVHI7K075BUM2C80WUPT1LORI5H0Z845WHXQX44QCODD24O5B4TB4MQH6PP7J0VJFKV0WKI9AGWS0QHXYSH0RWTOCNBTJB3IJYV9WLAAIY3LHTBH44FH9Q7CFKBGCSFIGWBYV1CRZUHR9PH0CPLYJ58MEKSDIS22SJJZVL1BXOWCF7NXSWNUQ697NWUTMNUA2LL5X1EX4H1GO67T9UZLDILO5P7VADFN0DRA2IC13THT54UR5NUCLJVRI49VGT886RI7SWXUS27TZYTA66IMYTPX05MD13911NOBIWOA6UOEFFSKLBAD2V9EKKZYNRNLG7AQHA0FWIEVRRENX8E936E937HVL267TWNSZVGD25A6Z7GH1BSJ6R3VUQKHZJRL3MUZ7ZWZE1RIY522E2M0K4D05FGR9JJTAAHO0XTD6AN07BAD5A2NDI8BL2IIDII3ZR7KUUIHPBPC1O4C05SCPG79RT04BIAVNX3AQSKN8LPUW5P8TYFVRCM3C1P80OPX7IJ00DARF8RV8N5LLV1IDS5RW3IZQ9I5514ON4M2ZVMBPL70MGMP3D9FY8WQPWWEP10CW2CC8B6FUJKLICHXI5QZ1QT4XY6AD3OOH73BO1816XQTJJVAJMFU4WRX5G7JJNS3KXXUMHF35A1LMGPVTY0YPZXKWPD488UUK84NNE3BUN4ZJ6T143E6MJ95LM5L7EEMCWT58O', 12.5795, 6),
(34, 'multiple_choice', '1SAXQSE61PKO6CVSJ780XII41A6K40P9Y30RWFNGIXUPOLSCQHRYNPXYQ1KI2DSR3VI9N717RYNQTGLEHSL7IFIKJOTL0TCFK9QXYFWHRXNSVILGXYYFF7BHIDL26I1913DDNN479N545X1YWQDSTSECSU2T6EU1AJYVX8XMIOXMK262WB9GD4KK14ERMI5MXTPMHO8MLPICTBT9L8ER046GANZVE2JXU68V1BU1OQJ62HS5WV1CU1HKIE75KTYX9X2R8BLGPZO1LUZL5VEU5AZ81A3SELX1AV39BOT31P87IO9G4WWX15EYYR7KMLPKUABJAK0LI9TH9Q94P6K57SNGIHP6ANA83Y2EX7SKRM6TDOGFA0E', 'WMI5OZGMXFUA90MJZ4F68J4MMGCPS2EQDC0XUMNINXB6UYH3UVI5SUC3', 19.3463, 77),
(35, 'single_choice', '4207OPPDNWNDGO9BGIHPD89QS4CDLTNFVDE3GJFOLDGRRPTQKJZ6M9KWUW2W6842BVCN8EYUVD8ZR282DUN4LUJJAS16SHFMDITCD1W0PBW0X8PG07GF2ME0TDE82UX10XOMCFNBVQOGCESPTID3ODK937J2XNO3CPWFGYHO6I6C2UGX855IW8ZIS1GNZFB9BTFD7I1Y7GPBO0PHCRWZV9D822F9JQ5EV40IGR80THYQNFDEUCDZC2KB7CMG7MCIZ6350F37BWQ6ZHIVLO5WQ2Y5PN4DK5DPLVI441IU69DPL5PYGEHY876IFPKK6PEDGS2FZPK6LJQITZY40JOJM9M4Q3D7THWRUU5CFBNVWKNRZ9099KH19UFPCKR8LUF2RT2E7F1U6NRJMW8XV0297Q06VTQKJ4EC8GSM6KURBKISTXCMNYS8U5UPBC99KH1VLUHN4WQRO35RA1YJN8HXZKG3XWWDNEAKAFOOO6ZWR225N4IRSWMLENIKN4IHI79K0LC6I29HAN3TCYPBHK1QLTFAVI0899GSL4IV2RP8V5Y6ZIR2KPXXI2IZBB68XFXHGFQGT1YPAWMO2VZUUYAVQX6O1FCRNJWLEMU10IW2PI6LZQMAG8XAE9AJ0GE1RYBU4QQYXD60GEDNR6EP74UXOHQJARYJEC7FDWX2HREK00YYMT4MJIQ93QRZTQQ3FNLSL5640S3I0VHIN9T9OFVUGQ3B8OE20Q5KYNXUL6G36SAIZXM19GGP8R4OM7H1UE8KBY6R2B55AXB8DMAZLJG88TROOMLK50O45DIIYUYRZ5EPQH5CVDJ67XPS9EXJDIYC767MN5NI0JD2', '1G07JMG099U2YEPF631BKZ9U5F01V6IO9PISFVJH88NRY2SV5RDTKD19C2Q9Z0MTOWCLQJM7OID81Y98I9E7H6L8TQX1M8G69I40URGKVHI0GOM414P16OXP95H1FC35MDS7WSIHB13BLJTMZQ0ULBYZT667LFZHLHJ8NX10LQR75OZR66ZY3ML9XXS77KS51IM68DXD012DD6BNSAUOM86OL619RD7HP3DOAUPYYAJPYOL2UZ3FLVJL48U964MSQ9SKNHIL1PR0VXO9ZU4IX0Z6XPM7UXOJHJV9T7YUNL70ZU16G59DPPMJ5D9UOBJQGQ4NUKJGV6OWHGE2XR77PG05EB47T2VAUH10EDWMH6AYZ6RSYUE5AAXUD6YNU2FPEVFSSNY1S4KBQLN54XC0XKFTGRW745PTP3Z7RA7XBMOABBC7X2A5VCNFWBW7RMUSIK4V16U3M8TEM8QRYPGRF590YBVXQSMF3M0X81ZEWSLW4QYJ8DE33008R3S3FGDZHQKH3TR8OXNF6LTT6LOPXOJT6YGHUF8LPJ4BR9WGG7WLABVKKMWIWVRDZPVCLVQR47RGHV3ZXK7VCMGLJNLIM2W2ZVQBVHSH7581F8PFKFPTNHY7GFZ5P4PJTO4WWY3D6VD4QTRT9QTUVZFLKQGGN1HHWLF3BONK50OZRUJVJ761VQAYX4FPV13OKGDHIG31GFFDJ8MIH1FJ1JZXBAHLWBLY3YDGPF4HRJ5M7K11OJHEMFMVYBII4YEATQ6ZB2NN6EBMEYL2QBTHWTFJQK8S9S8H0LO0U0RIVDWMRIXL4GPJIH8A9C51H4REUGACYDLHF87090LFSJ8J2L78YGPWAASE45I36O16PYABY', 1.44126, 26),
(36, 'essay', '709YW76ESDZZYVTF6JUV1BZM60Y1SFA11EWJUSAJKCCP2UQIHZE6M0JUZ4AIJRACXM5VF3HELOCEV2UXYV7SCK1N11141JT9UXH44CG3I0RKXY2JCYKGLGR4EGQPZZ84I4P756ELC8Y34QCXYYAFGDTH6413XYLOJDQ87098VX7DU107LGFVEEW9CGN5G65LC7UEYCVOTWWMEAWM3XL0NGVGEG8RQBRFU13JRY1KZN5UC8OOC77GZYGCEDG4CEHRO4E7AFCVRVXY1TDH14O4XYJN73FPKNBQN9LAGXI543IHQNU6GRNMEJ7FANNMKZP94UI3QAKOWD9SZ1W8JYQOR1IFW8HTT0NT040LF06T1AEC8G3T8I0G0U05IQBFP2YKVDZZI0WJPAAR9QAG2OU55VZ565RJZU8SOSU348KH6WILPKQU3S7KP7GI8K2700F3NC8ZVNQL0LD0IXSZL4M09TSM035HH75BW78MVVC3UC19K155O1CF5BUTPYKFHYWTUZ7HZX9KVZLO96CKH64UZ6EWI3Z4OBQMAS7OHGRS1ST735QZM4N0RMRZ2TUM5VNFD05MDZM5HQ6H8BJIH2LU9EIHJSVQKFGKSD62N3XJ5G7C4E2A6YKT33MIS9', 'MZ6TND85QKZS2IXYQV8UK1L5MZX73YE8VUZ8J84YXL330DOE16A1Z0CI1DE6CQ8DUVQ9TC07GY7XIQOHOX1YDX7S2ZDEHZWCR9PYK7YHX30PTCMV0GJQ7Q6TXMMPN3MQQBOXDYCFLJY6KTO8TSEHRUIGM6VPDBWLIHV8UTXJRGS9AJP00MD0XN2JTIX9IT2W8G2KTLH8H5YOXCNHX15ZIY6560X3TS7BFORC4TNUNQ6MCWZM9VFTFT64R4C3TC4SPVHZP8H1KS3QIFX7VA5OVCCKP4XKKL51NO1B6EG1LHJDDNDLQKHM474OMDQD4NFULPM1X6ISQG40LKE0SE560WHYMX9VMAM2PRDWUZJU1HN45BXGHG03XJZ35MNQ83GUYV9O693XIBPK6FH1EIPX6YF9K10ICDBEKPHARI3ZQYEWZOBJO5L5Y09CUZPSW5LB1QHEMMSVXME2QJCHHE0LY036T64ZT136WMUAXYUW8RK36KQL7G7E61HFRGW72BR6TQNEGDXC0XU62AP8HAIUVYKNHBRVTRD2TSUTW30AW3EEPWBULCOWSKCIYOTY0B50XF058XP32ID1FN7J3QGHC0RYWQQMN02QCRTB6QAAXMPZ55ELSEPJJCFHN2S1OJVOMWNJGTKAF0DUW51K8YUSJZB52X3FQ3BJZ8IN0Y0GJLE', 3.60679, 43),
(37, 'essay', 'EBB4XXBQZUNE8SAJBDEVUUAVTHGBT1RM026SBZMGJXWNS7PRLW97R7RWH232A8JM0EKV6G9KTZGRKO0CSAISXGF0UQYVWGM525HKZP5BDZHN3FJDVCBJBY44THCV4SOZA2G1SZ6QJN3KEGSLH7OJFKCD7OPR88PLV47DDSAGPTF6PWF7XIKHLL7K77QWNOK1T1ACQNX', '3Y52IQEFY7LJ1VBD2BUTSLPJ6OASB4YCBCZSYRANQTSGGUALPRLYNIJ4SCJVJQ9TRGVEDG4H4M23JRRQXINIDLV5SDRVPCJHRT5CXSWNK3SB1K3JV9SQ6JH39MJOKN53KZ8BB0G2MTDNBSP09F481F8UR42M66JYP349XS0H4P0R9DLD72DZ4Z0E203HHO6T5NFX4M9RM668JXV1HAZPD6M849Z9D125IQ5RCV84H2DAQ0FYUSNX3FG0G4P0OK82LU96HBZEP0WO5141HOPED6LZJCP97SSGOIP0LD4AFXUFPIW6SFTQVEF', 15.7246, 26),
(38, 'multiple_choice', 'SABKY2ZXWZT6BZT4YFG3ISKTZINS6U3N9Z5ADE1YYCHHKJXRPR6DROIC4KO4MEN2V292O6AZAUB4XNZNDIOJO3084ZQ64BNK7MXOU4TW8TX44SBV12V47956DCFG3SAFHORPB7S2FWBDYFILYK73TRXUU59TDZ9ZFU3TD2VQZGZS40LFUSBCU8QVUIK9D5GPKJX6M3651GLPRQZA16WW398VJ5CSQ3AK48C9B5Y8HLXI0VQABVJUF5DDG6J7OUZJU5I0D3TK5PRUYHBAFU3MIRMK6FXLHB2TN36AE0RAHW0VPFGQFYOWVF4QE0GS0XAS7G21XEP4JBEYQCZT4JPXXSXGGAE5MSBBJUFUFWCKOAYSVLX7VFCYM3S77U4W85T40H8JVTMUYUM5XVTO0EQPAQM69YJVDJYCXH124DQ1DYBI3E4ZNRKEGYHFBP46WDYWFJTO5N6F27OVT8XP8LA9W70RZK2TSX1ZHMD2EMSFALA0FU266I6ZWRA60SEQ4JD2NEBYPWP1021VGUBOFRS88TUVYFPKCH2W7JBTMFL6SS2JB9JPTZGI2NVGA8XPAYITEMQ2DSL1V9XQHLLMYLBH8DHAICKNYITSABH94T85N3EKWDO0WJ2KDBKVWU9EMYXO0LK07412WAWUJJTJGXX5402EO87T3S2IJPCHFPC30B', 'BFPH1H22ESQPTR7APRVJ6HMA8YLXXHNH9QRJ4J0R8GPVWLGUXI2CCOIH4M2RZX27W5XRYVC8YCNFGE8PHYQ0CV69PJ6NY4207TN42UKU8ETFLB4JZS5BYTD7KEVRFB82AQMD9L9T59SMCQ1L0N9LS9YS758F0F3AGNRAZUE0P3OWLFC89K9OS67FX2OEI5R8ED3ZAYOHG5DDFSSCX0VGKY5D6BIAPMK3Q1WAQID1CE4PSMWIEP7EMLGK0M3E2Q5XB92JTESE7WC2ZTQMRQY18F8I2Q57YSDY7FXI7STYY5GE7NQD8ZGWIDVMPX1F5O0P518UBMK3G67TYZP17208J5RFUPXVWSBYC57MAM5XIT91WVEG4FRR3H8942QZKBG9QFSYSLI49ZN8SEJZ9AT7YCDA8IGF2GGDTQBZ6BS43DNV2JN173SZN2WGY16JO0YH6WNCLIVKGAOGEH63XDTA5GQ1P9X4JYGXV5AMSZA4VHBBACE2MABPII4YUAIEGRGEHC7C553PJAYU1DMQ8AGOAN8HCE7XO95FK3XU71VLVSEFNTDYPJYOMCPJ9CBQYRIZC5C0KH03OP0B4JYOIOIRM36EKFYOQWQFMF1G1U6PV044K706ADU2U8IQBF264GQESHSJZ52N0HBYX0LZWZE5OOJBIMCPU5HWRQSHD8NDKLA5MEAQ2F3BWGNGU95C0DXTH9GR1QSFVW3ZEX6J8', 15.2017, 35),
(39, 'single_choice', 'VZDLQO6DV42VW0EEL0W2B59KJ2XTO89HIQUVB4KQ9PSEL84I54T5ZMBS2IOXASGAB5YM4AYUG75BD2KLPVFHFRV4YNA9RI2W2US3WU07870VK65LT82L9R7XZKPVTROUJ4SKPHXH4G1FPRD29UYNHA50YQDS0TRIWN5Q7NKZ0UCJYKEXHTX2KKDSATB6C16CAWQDCKDF63CWWIXQJE14AGAZO21SAEMT4WDBELT46MME06BY5Z9UJAIKFGKJOCVZBLKWLGNEXR8QQHJDMIS16F90FHI5PIROTC7VG7N752J488KERNTLZ45N590W2BWGTGJPXQ4RD81SQ41WF91T8RFUVG8R23UT3XD80PFWEUXZJX0EYYWVEUVLZCBVWO2KMV2FL7IQLSL76121Z8YFFQ07RG7M8GWP0XKMRI7K2X339E377LHFVWLB5GNQ7WL1XHYPMIZAEWMPOR6J3FE2NH52F8IJXQD05W7RTTYTAV', 'Y06HKPVSFAA9KR61VY9H0TX9I8W5SAON0MBPGP6U1YO2IWDSUUVP6ZCN5A4T79269NEYS4S5V6L7UUAB068SDDP3BHHGUFGKWTSL28QJXMDGXZLGYLKRZUT7Q5NHUA1Z7TJQXCY27VTADNJLDF2AQ85L14K58J73K4G60KY45IO46J7I0PGGVTQMU90H4Q36JX51R981FEU2S2882GJQJ8QO373IX9O019KJFB7SH2JY6PEJ9GMHA8VKPLRP03GZOV08W5AX622XIVMTMG8OAF2XQ8U6LQIIUBIQYDHH69N1KLOKBRB847BWZOGHN8V63QIUREUH0SUG0J1R6Q78EA8M30FY0HDRW6C9WS7N6VR52RT3IOYDKKZIBU084MERL7YCM2REB58B7KEQ9IT3H6DGAGK96RJ24KSJAY5A7NGKD7BINOL8RF6ZFS5IAX85SEHDKASSIODG', 10.9317, 90),
(40, 'essay', 'C81NX925S9PJX8WL50KPV5REA5EDDK7K4LU6QJSZKEBKDLL4QB1UDLS2GB5X26ADBN46HBOCIE17QN69ZAS35XB7NS20YG4LBGHHDZ4S8VJWHVPVYOQJHBA4C2FUPRHHPE8VZEJIB4WSKJ0KYHND3O0H5WKHWL93JXIGVEFU4G3N9QCUYEFA7IS1ER6I8HRWPZSDF22EIP94KF2T3XVKYGT8CQ6562LK121J4HO9XREOIBDGWAGPU4FICXS67E84SPK8RJAADCEB7KKD72T57UK33DN3952SYS18Z7YV25RGCRU3VVUAKA521ZJFDVNSPT6Z2A177WJ0DO59DWZTG11U78SUAT3Z5N5DAKCHRDW8NGIC8OD83LOJOBI16FV4B9X213TNIFSYXCTYRMBBHJ85NXARCKBFY3GK2H406HYS3U1HB8OKHFBVN42S0DQ9Y6Y72L7744RN94R1JD6XNOSLAIDA4VFXJQZW456ORGQA10TBLS2JIMCSV5IRHT1A394UALMIZNXNPFBL9ODY2USKQUIX4R7IFPXK0BMKGK2GMFA81AEBMPJTU3NFDSURD9K8W78PKN7BND8F5IGIWUU89GXSVORDJ25NPRVLKLS98315SD8ACR79YHYP2CWQFPT8L23INBXHSBLS7ER4Z6QZFW5Y3BSOZYT5FOAIAV7NEC5RCNVL1RYLPRXIPPPD18K6Q78V5TPHTQG6FPO9BLY18YM8CTTQSVV', '4T4KRSOQIIH83PEE73PSI0ASFWQ8R0E75NQQO78YICP0MW023L07KLO3WQW3HFTF2YH2ASVSIFH5EAWI1M92CD1B5X2HW0N4VOXURJKWM68CB4QO0903MR2N6UWVZJDJQ6D97S1X6KPZDC2046SNYD7A6AU9ZCPEPWXMV9EJ9QOAP5JY9AOWKRKBRMRZOZ2T2JGWBQS06GY6F6FN57REM63M39UYCATB4C2TV58J7FUZMRK2GWT41IS0W3GPNCLAR3XW4T5PN1VEKTQLUE0NY8RIT7OMW6YOLWYHZMCGIDSJIVIF2QKLCFI7NGL54FZ3WBU9GKFHQEKLV1OGVARU4ZQ7XT3IIE29NEFKP5865ES9LDNFCKSG6ZVS99AR4VB29OCVPO6ZMEW91LZ5GH9SSFRCR5CYSYNQXT7QMR1Y6DOE3A6P9UI5GZ8CW6GHC30AMAMRGRBNJN5PIX7YB268YDSANDWUE7OWIA1RC9JWRPZQ7M6K7QZHHZIIA93S3UQGBYXNJXUEQQMW8RK2E369Q12YS1036RQJPIC6LCEU8PMT3GKR5BWEN9KAPRPHWDBM14GYQUG74TR67OVCV1V1NARYVVVJ58VG0M9QPII3KPG6CU9PFCG07PCAH1CHW6IC1JR87881W5PID9VYUAAX7FGSRPGA8K965YOSXUNOM6RT1AEHSXYOZW210HXJN5B0EDC73OC7A4S4D12FZ4HLZ72CLXMV2JP5BGFDC827PBPAU463V7GPK4TEEOB36PU7D6J8OII95KGCNCPJNT2QQ4ETWOG1HSKE9SRX60KTSZO9ZVXVO9N4OUPOVH7IGRUO9Z', 2.01265, 10),
(41, 'single_choice', '5YY2RYYB20P86L2WO76KKGAJLW014KLAO501C5O9O2XB18VILLEWZL4BQBYCHAUA5FXCAQAT8XPSJXN1OD2IS2IHZ4LLVJIZ33V53965Y88NSA0LPMURO2KVVTMO2HEHQDWWE4OOASW0X34T64VLWG2HHZZZCHVWMHYX1QVISD3Q4YCDHDQOXVZLTXC04S5H3CBV18QKWZC562O9DQWZSNEQ4JVBYJV1BFWC3J34DU0FS63TI9Q7V7FZ45V0POIVYKGPWP6C77WX9YNVNQPBQBZFMPZBAMNKJKAAYQI2X8HK2WCKZAQB3PM08JWE2TE0N09QVIET4Q', 'BBQ97J0ULZZPAX0J5MUZRB2TD99BWUGUIE5S17PC2NNIAYV9W3H94SRQHMEU82865T6YWUDMDIFTWINKMC6NG5860JEZNIPJM3TKA7ADC4BY3RA2MA1SKGXIODBD0L3J9SWR1P0ZJQ0XPKHSX6O5', 0.533661, 8),
(42, 'essay', '2WQN4XXVI7J2QWO32XV44BFR13MXC7KJI12B6GI1KD9XAFHAVR01C5J8EPJ4PZAIR3L5Z116HAQUKC9PECHNHY0XQXT6LOAARONUVYRFXOU3HZNJLGYZK4RIC5QWCZPL4OYVOS21CHZA7ALW4OI9STWWFHJEQ6E4GK7XKOQ4TB9SSI84YZG12WNN0VMDTFBYKYYA7YFQC14GCVI4XE2V7QCUZKQEE2KJ02Q4JLIH083U7Z4R1M640', 'FG9QC0D49SA5MJIU6DFJ69KQ3Z402NOIHUWIIQ4B8II8IYP6KWF3FOKN8J0IB5PGTYP0ZPCJVXCGRVP5T3QBVCM1PZCN5QUXJ8ZRDYIQYJJP098FIDLVMHGUHS5DO2F905QD6VRYHGNAE2L5F8IW2FH9SRZ91E33H5EENR5W2GU1FSVTJKTFPML7TOVM18A3LJG5XKSHNQYTI4F8E6Z9OE9OLEWMYGOVIWHR49LC0DZB7F5ERDS2P8ZZ2ZGMSCTRKL0CIRY024Y01O4S7Z45UYDQV6Z4M2JT9KW2E1PNVY29MEU9UINC9EZ28JB8BAGQT3NLG6RYEIN7MO7LL1KZQSL9SYGQYB5GN9OEUVNCODZCD33R85IZCWOKM8N7E5J2X28KK9US1DFMJSHN46DD849S92MQR8GV6NU923WNA1XX49JE1H8F2EVPPGLXQIGVTOJKFU7CFMEI7WDE5OIADQTHUIKCZ6L9A3NL11PA36SELCRQ1O9PKPVKTN3NM1TOQPXKTLT0WAOVFG50CBM82UPHULUH6FU7GE10IB8WT2IDBPQU936202DIBOBL2MHPM6S4F64RDZUV0SBZR8SSLN2JL0NN432R4OVGIWE8QVA5RYNWO299EYVDP8JGO3KF0POR6DM296LOYVEAETVJCO37B9SDPPD37CUDRBASW4XZ6OCQ4H0X0593LBJK35S3U8QX8ZMW0QB7II2QLDBYUWYSF17DD1433QSX8AS9QR57LO9TDJMR6GZGLAGR68FG', 7.30498, 22),
(43, 'single_choice', '13O7C5Q1EN65H9VFHX3HIIVW37KPLZPHVPZE02SCU33NV581SJVTUYEWN6QAC7MATPGX9BISYEOLTGCT9J2VSTRPSKGKFE4BTKSVK45HA56IZA28IAT7E00S1NFNSEGN5SJPKM0VOCYPQEM20US8VKM5WQ8U9210XTI8OLUKMN9MZA7J4N75WVKXBOLS12431UII0MGSDUX688BDWKYP8ILQ498MB8', 'A0BCUCGOWFPYL6IY8PTIOYA14ZSE7NSS8NO0ASSJ1NFLD7OJYM1625KOFNC9YQYA93H323UW6KRNRU8ZRMENUSZF5S3EPH0OCA8NAE9KDH21S19QNK42PDZOHLWTP5DSS84FJBVIPFJOAFCY3GYTTDUK3R483O4P4PJ5ZMH1ID3EBE2PG2UZGVQYJ4TOTN0Y9KMHIYXORMJ2YHR1ZOF8XTN75NWD8B712IGTNN1WN99F1RVZJZY8598U6ITN7JT9LYV1LYIZLCKGZSTJVEM2LN63NE9ANVCFFVZ1ZG3JRRC9QZK0P3S1Q1YNHJI2XTPJGXW7L0RIH3VUTRPLATPA5Z6MAMZ272ISA97EA6MI92QSGXSQX65D9LC9RXOUOZ7AGD7UKN91RBHX5NU3BIPNJXK23YJE0VWY74P5387LV2Z21VT4N61IM6WVPU5H8Q1Z5RJJY7XTPW7AL5Z1MCITG3NL5Y03CZ7HJ9WMY8SVRY0S26T8RPKBEYDKULMN0HWL51VXSATLVMD6C4DWWX33PXHLB1RLIDC736HRBYABJBZNRHHYMYX60NEJ7AOTMBFCOEHVIFJVVY99HAUBSDLZE9HLGXHQD3259BAFYP6NV0VR7V9FPK0KYGWX8S9NHS9MHKDN46D15VB29HDK06HTRJBUK9C4GYGBAOOQ5DA6RAF2654QFCMVMTNKEFELVV4MNMEKWJ97KR0U6FY2Y4U5I2H1NEJ2KSGH9OLBG2UYJANPKU88CDUH8IDQGB48SJOOXDNMR9UY49LMDDH4W4MA8FSSVFY0DFZ0289WGWA0FHRTCOTM9JGLV9V1H0S5ZRJJLP7FFQ54CFMLXFZJ6P5R8M69O5PY2QD75D7SR4K4MXMT2DV7UJRVVJT4S1R6BTI1JTDPX9G619MWQXIA5JZQYDB7VZFE47RDZ6QX044NU1875QKEHOJ8T2IXVLW0102RO8HR6QMTWIMBZJPKQ86JI8B2LCZI', 2.01192, 40),
(44, 'essay', 'VPAGMREVUFG7DWI5375K12VTD75PQPR6OV0RHRZECC0W7UB5UHNK0UC0B96O0O3DX588FYTJP9O40CRS1TYNTPVAAU41I88669BOKKIWXAKNTQJVUZN22K41N18ZSBNK1V4IK69CKC6SHWR7E0RLMKNP07NNZ3BPQ6QAGEHJGV30HA9ACVJCXYXQGLIAFG1DHJ6FQTOJF39THSUXYVWQO93P6A4NUTYCFFS54LN785JNUG7GN7UNMDI2F6BL58MX8GQFSVQSZZE7P1NKPDE2RGRHPL5003U4YM', 'YL3H8LC97BR7VJ4DU06DFG00F42NW89X8GJD00MBFJDXBTZXNBIT9JEGG2L5GC5YY6CO18WPULZ4L4PLSY91E0BIPE9ID9N5M5CASYG2CFDY3YT64A2A7ULODSPNVUMEA5998DEGJPP6RYH7J6WFJ0PJQD8QPNDM620OJ6J26XW8P80XZ9Z2XT2PP41JFDWU7WA2CPYRE3XMOIY2OM413WLT6HBRDOSWJ8EPXL9QD6U7UV7HW23247Z3G3UGMRH4RUMYXANSP6JIJLRFEH6VEHHCSLUPRXSTS26XTBQLZSV3DATLTCBDDQSIDC6PRMBF0LD2F338ZMW1281Q57FANINLGJQYIQ0LWVKN8VIKW4BAR81ERM5QSK03M7TJDKKK4OMQ61YNFTPYD9TTVPQT1COUIQ38UG2NEFUINS621W', 5.64616, 38),
(45, 'essay', 'LDZC2INTVN3RKL1SHQCNQ4TH9B5C64GHO8Y6AFFD4IZWEL9IB2UW6Z119PIGG2F0PU5IM9PATMK8A9UCJRKKA27DP3ZOQ50NF84YDNYV1MN4SMCYOXZ90D0B6W4ROXDCTV8A098AGTPYKT1O33FM7I9C776YB3T791R78L62K66OLKLX8D6RZK9R1KVE5QSOKLC4P1RW7T97B0MH9WHV91G9TE6H4X3BYHE4NNTZPLMZGBBB3C5ENH720TNMHWAF7J502UEFJ9HPYGGKRN1H5FM3XTZB3EOT7CSNCXE2DPXH7XIHHYUI2MJGAS4FZDB93HJV0ZQ23Y965Y14XCJ6FO9TC0YT082YYR1T8DGJ04DAB18VF25OV2U1D5TSAXJ49JJ24JZHUHZVIT7AHQL8RUHXN6LF9IS94IKGUCMQKMIHWNMN04K2W4OWH9JKI67B6NBKCM9LXZAR8ESKNX4KH8GPQJF3N2GEIIC4JL4MSF8894PPLYAW4W9A0HT5A5XNM99KQLPDFKS778GIFYQLP5OIZD8U9FCDE7LIJKKSFKYY2A447A68VE7SAVBFY5HKMDOIIPFPGZTUMGRN2Y2XIQI0B84LC45M5UJ71EU0F4ZPI3LRT26120F35TVOYWWK9CD0FPIXL08LER089TTEY61FXQUQA19OOZMFJGWTMNXZFCNM2G7Y1AC5N2BAUR0I1IK56RESUA2K94FK6860SM3J2M57KQV2BXXWLU7H8XBND66N63LHVYHBP53QZP9P8L2FLURTQZO9A9JF8QJEPZWJ5I5ESN8SS06XD8A934U1MKN7G13JVB50HU11X1BA5ARIURX2XHIEJ', '4MQ6H2A0K98IPOQC5USQOQRTSVGV8Q4TXT6XAE5K0PYQPZPVYUVOTB0PWVETEX42PA76NRW29KEV9V7ZAY3L8A2LGZCD92T9AEFKDGK41QVFH1ATKU3OVDEEG4SAX8SOBXG9GNX38HS1LAP9P9T3IA2JO2REZJBO9KK238DKADH40ZTQNT313Q8K85GKH3TCI6A239MKU7RELK1722VU7A72L72V43QZH73IQHO40YB58EGTA2PUGLD1M5HHAS1JLVB7RZF0WXGYEJ65FYAIHR3L4GJCS31QTWXWSR1TETJ21ZNDW0MN64HIN4ELDCP6ZMR80BHVCPRHVTYZJNNPOWAJZS1BH26KEQUMWSNIVODV1KHMSZWFBDMGM4GPN13JON4O8RTWHH267R7570HDWIIU1E91KVAOJ5MU1XFBNQXZCEKDAU57SM32W6HYERCUR5RVAXOZZAB35WISC7ER5J16MBF7GYBW7G8G79WSYJMXTQCZKA6LMPKBG2MD2OQB06AMQPCRAOM3N4GYBEAT1WYQ5YDYM4GUBQWLXILJPMEADM7LJSI7AONKM4EG8A1L02CSPNPUZ7TPX9QV23ATFUFMQ8IMIUGWEYLMOABX5EI36GHV62DSRKV8AK9BUFP7ICT9SU7WF2WXAV77A3K0WEWBYP7EVV3F6C0FOYYJ1IZOW09YJKUP4LF190I16VZED4PVG4V8TTEV4Q32EVAQ761OOAMYWASOQCLMQU2K7NQ98TGIPZHM5DJ66OARZC81KJX7G62F4R1D19UZJZO87DO3N9W22AQG5YPZ6NLME050OBVQ04V6P485FBMBM6IZ5MO0R5Q0IFBSXIS2K1RPCY33O6MR71Q322INJU9MZ8S1MGYE07W8BLZUIS', 18.3318, 48),
(46, 'essay', 'GUYXVU81DN4ULIF4MPN33OYRZNXGTQUCBIZA5CHICK2XPFGG2FGSCFK9WSUORQS4MBP3B1BC9AMHKP8A4ZWC40Q1II7KSWFO1OOAV9GAT2NWHC0CI0WK5TZB4X7KBSYTL2WVZLVQDCKW0LI362D521DA6UW4R0NILK1QY2012GFIVF8AR778J0GTN1AOVWV379SMGCH5MOEQ3AX1U9VZWR15NZC0NQOOV61M5Y8MWQ0HO0WBW78GU0NLU7UVXSWW2JBSHHEGKD4GHZV2P6N6MWOGDN90NZTQNVIY4AHG0YO79PQ0YMEQ0S63U1IIUFMLUFPJ8B6ZAUES2VBBM14BR616JO3XTKSEQAZXFZUH57YVH5OVZHSNOECRS7BSBHGM1A8FB82SQY66LCFFJ5SOZWPI2YN9MIYPDNIY3DELSAG7L71QTDJ0TQIFNBNGKYCRUG6CKMLY1DM3BYTFU5OFBCWLCFY4FU7VPHJAOVA48MLTMU23MV2YHACPFCWMYFSQSS58O7PLEI87SQBNSXB0KJKG5IFJCPIWUMPS8169KXZBAS0F6O2TN3BFHO9WUS84AJGX9CDM1WTKOX7TCQ0YML8NXFY1UUE00SZTOZCR43XG7GYWWBVQGFZUZSL4673HX3X9UMYGZXK265MC23YFHAQYC70D9FYH08R78', 'WF0BNYTQCKWJ1XDGC5THL2J1JRXGDQ1977ELUORWUOEMEOUAC9ES62Q3WCMVMAQ9E54EW3CHFMZMCZMN95PWOXFZONSJXBIAV30SHNMZFPVWSJ5BC8DSN2M3I7FKQEC1KGMFMY1Z75EXWVASK2TDIZVMUO8W6EL4BXD6SKVR2QISX2TENIC6FM8VGHVHZ7IEHZQZMW9H9KSX2LZSYO2CUAYD7PCCBYIYUS1TUR9XJR2G3XSCUS9DUYMT5TQNR62HPN3ORI98JY3U95SOFCORS8DGTRTWGO9FHB5PMVBPSDMAQ8N1KZSC4BOXG94R9Q92GA7WDZNGJHV54GHYNZG4RZVFBEYOXGO3Y0Y3AZTCOHFAH2ZXGKHT9TARVVO0RZH4RX3SV0IDEGAEVM71OSE7GO345QKN22S3983I8DIAM3BEUKHYYGMHDIL68QEZ8RNX3B5EJHA9V3U2LOEG3D4PHL7EOROC49SMVVAKXKLOGSIV12E2RD4E4YIJB5AAWXR52VVIGJQAM2GITOR4O', 6.69861, 70),
(47, 'essay', 'D0TLP5J6ZER9HK8XHGSOTMH38WVUA0PU3AJJ58GDBBSVTL7DO6JXWTVXBFEMPEOLF4', 'NF1MDW1D17TQX3HIY9UFM2JLP58FIQ7Y707L2BDDZEHWBZO7F74Q99R9CTX7CZEXRBV2KRB629PPFK4TFM39RVAR72HK25ST3H7OHIQE1S0K42HQWD1OKIRR1HDSFH4N3J9XRNRBF8WO71KUI9FDXE7H7E0ZY5OLWK4KU9GZMIH225APFO13S6DCD6VS92F50JXWUODTRYFIOPHVA9XQ2JUTCRSK02LG8KWKGT8PS5743DRJNBLKGKU5USXUOZM4J5ZTPH6F1B74XTAHFBW1NQU2EWUDEONRC78Q7ZZ6GLS0FD2XQ8X35AJW1LK4PFCYT901O8GPTEXSHI5JASXNASCL77CK2H0P7AIFWPVIT0JDEZO0VEZOPULU8NXTR3EGQ2G4YJHQ25DX46UKZGDIKBRMMDMQSZSR803N7HMP1TSWKESPLIALRVLFI5LRBLKACHTOK2BT1KXE39TIQYI1OQK41XYLJAEOH7AVVAEQG5QSCH9LLMJ5479OQHXS5U8FH9CLCQYR6HTYW3DUCDE7OI097OGVOP8HXFW14L7NTLKZ9D3U0NQD3KUAUEK3QR0EFJA7V0V79AAM3BNFAGUJ8XYFF6GE2PYMMVZV1QDHRF46KPOJRX3UKY24CUXA5INHN9CLD48DT99PDD4F7NR975O00DTZFFVY1X', 0.183318, 13),
(48, 'essay', 'W78KSXK1W62WMTH9G1BMT8XVZZ87WEA683RC7BHS4QG31NQFZFG89EEDXMHLPQIXWLBQO35WWO0JKMWX3JC5KTDFMR053189MSZO1JNPXJGJPAO9RIZPPB537MVHQ7X62WWX1DVQAE97HXG5MY', '6YN5CPKOL1F2PWY6EESOXWVO86D9223BG2HSF9BBV9B885P56PNB1431HQ0NWNKZQXAA1ZR28U6XNZ1NYRM0PYQBDP1IZEHDMHHY1ZUWQE1E2ZQE9QKT94KBRZQRAX9BG9O5UL02X2LY8HPXCIJ35TCXHE7GDEJ824UO6IJ3VTA6Q2M8ADOW1MUWHKLWSCC2RPEIAM1UP4Y25OEW1RGV3X2P3OI4ZRD1ZECH94DHPD42064L857UEORAK0MOHTTEHPPJHP7D2G59GCCQVZJDQU1NQONOWM6Z093T84KC2S8YNERLK96GWFODILISLTOM7O2OH0N502N36VFLJX9HTMBH0TFS1DU35EMEE5SZWY8S0JQBWYD470E3WSAGE9UTNJ3DEA39CLJ7SV5VZPH3DS41GPRID24HEGE6JTEFV3P9B2NZHJ36YWR48S8YXB8SGSVSZ6PWZCKTKTX7FAGPFHFVZKI67YN1T58VCODP4M6R7MHWSTZ9IRGLJ8AJ3QXS4IKGQI32YL7YIQ2P7SHY851HIBB5GPCT3DM2XU65XAVR48BFZLHU2Y501U6CGK3UTBPZN7Q0E20BTODZ37Y3L0QR0EJENJNZVDM0PXOEEWMEOATQ5QVWIJMPQ0UWLVX7A4X2Y8EAG60CBYB8QMLO5EPMW8ROZY8DTLNXXY5ATH1QSCI3BBJPHUZ9S75VWHP23F86S0TUP6W4Y5X', 2.14353, 97),
(49, 'essay', 'EGZN2FJKLTD5SH8HZU0RQ63CKZXBDZFBH03E266WFA8D77R23LXXZ6LCFXC28YG1BFKPBDWASLVN0L2Q4NSSOUVCIW8MF5U0AJQS6RJXX9SJRIN33U8E43Y2MI1O9HPCHL9KJ8R96URB48N2WLXUQ45ZLC2BTY560F9', '1HW8462MK5SUYIY7MCHU0UAZGHELQEN8F0F88Z3W0CL18FU7SD1PEBQDWBATAL8TZU94GQR70NVMTCQGLXP3LWN8FH2XGPFVSOX6H30Z0KKMC7ZUY8NS1MR1Z4EBSOLVEBYNHHUX743DJJ6FWZ1UTJGI2SIF749YOAQATE8W8RRODKKLQFGT2DDOLW25GDX4KPR6GSTH5EGCOOXUUI194AEKBOW4U4QF3Z12O8SJQKQZNGCMWCPEJ6O8BVTE0BFC45V1S9ED4X7DE9RDN3QA8G5D9BHESUFIOJSQA4VYKFE853E8ZGDO5S7TTOZ1SLT128NP4ZLC37NMOLXT11YPL1NJZFX4SST1AG3VZJAYNLX34WYYJCD8FQUX7Y0NOWPX8UB79BQDI7XW4VVD8ESKE1AV7TMR25G02U2E8SI5D5K7VPK275MML1UB3BGHECDKMC2I9DKGB8C9BNO7WKL7XEYL2JXQDFDGFC2ACPJLB9ABEISA9J3QQCVTNNLSQOL3D7SAXMW18J7EFGIUA3QAS6QWKZBDWWVV6K72MY9IVC1J29OSBZLE7PSYYZ0J1QBKKBE0Z4L7HW4ULO7NG7DXQEAGU29XI9JH9LE2Z2W3CT1OEBGYGJLKR18GRU891PDM5LIMSC1JDTWD1UKJ3PN6BTO7M6B2IZT1HSACPQO767EMPXOYKDJZQP493I6TGHDM6X79LPI7IZA1ELFS9ZVM95NQL7XTRDJ75VIJ8ROA5OGME5AIJAQPJATJ8R7DVHINPG9RE8JLX9ZD3KGKM4ULC7X48KZ7OZTTVAG80OPLLRS8GC80IDD7C4KPTP1NBRZA49N8HMUFMIN7HLS1Y6Q1MNQLB3XUEAJR8EI2RIF985PDNF5VBQBPATJE2OHOV4YR663GE8VM1XWEA7X22OOXHB52HZGIG9V9RKH9JPJPEK9BNJMUBB4SP', 1.35858, 49),
(50, 'single_choice', 'MFDPZO2WIEWBSARQHB6RKH24W0FN43UIF4TZ12HEH0W8WZ7Z0TAPSK84IN8RFE8SV7DVE70Q0BJ6LD4KWXLJT6FVL2PHUI3G7REDTJCW6UNBRY6E69ALSN8J1TUFG4ENJ33Q4BPVEPD497STE3M78JJ4H5EIYYFZCRSR73Z4J2WOQJH8ZBPFECUIWQQX9ZAB8CWGLAO6WV14LPHUA8XC5C517XZ4BLGZLVOOAGGATVDIST87VQ8CJU60PBJU7WH1JT7TL72KMO0MWH', 'UXRNSK2D67XLIYK64TNQBD6WVYKKIE43ARHUAR7H1K1M4AI57XRXNKVHF90BAQHIUTKEXVO7B525TLE37W5CHK8AS4ARTBRBWP6HTL9I4XR595O59AYJNYUB7ORTREKXS6ONTYPZLM1VD38N3JBNXWLAH88208MCHPY6900UT4C6UBIKK39QKWJRMIKXIPWHN9K4LVKJMFAYKWIC00KQF6QGLZHDS9PFEC336TKCTBHGL0CMMYK3QHTRRVSGE2GU7UNOULQNBQPD95NRIUB6E9WILT6D521WFRFPQMT2WU9P8P5E1SEN308DSXBQONWYJFZZ13X22FUW682RM026TPT6BKPBNGBHSAEROIB47420R8ABUX4IGM4IREZFV2JB2A56MQ8VXV78FIK0BLGQ36IH3GQ42U3RABCA12NZ7EZ1E7Z8BZJMQFY2ULYASNQZH1661RRTE4Y4KWXEJNNBKDH5UH4LG4LGLVPO9IO9BK7IPR0KR9RDUFQF5NTAC1DEWDO94OF6IM14ZAUJUW67QA0DOKWZ19EOFN6ZW1CANU4OU05PUKQ0ZMVOVU23HEFJCQ9IAXFJEXR108WWFYKUFDF3X82NJ9HWFL16MOB46UMD65BWSI0F6V1ARXNKBBYE2XFO2QKFTS76Y8FRGK7HSARKLGYE32JBD7MQZ7BBH2JCTMGYRUWZ2PBC3SSOJL3XO1RZTHOBV1KKIIU3T681E2UAHS0JHISYTT0FNNG0GG9J2RCGYGD4X89S70ZLK6B7QE6S29PV3LIC41HOVSN7UZHQQ7HV1EBXKVY7SURENVPKFFUDH316T5KV0OSEEVJ', 8.31753, 24);
INSERT INTO `Question` (`ID`, `type`, `text`, `answer`, `point`, `creator_ID`) VALUES
(51, 'single_choice', 'TJN03XHU05IQHQ4X5Z0JRTIPGDXZ19HCF1CDJRCQQQOJFK4KXAXR2H38Y68HMAXHPLTLC16SH2MT3LFP549LZ0MOH8HT1R65M96PHUTCRJ7KH8N0R1EADJWSM1KOJOPXJ95P0O2OLFNRKY0DQCCC5X3EFWRR7E5R88HXIFVGPERMT66VAMAC25VGDWBMDDBO5EBDNXGL3FTU7FH7KQT99ULZSJ5WYNKJMX8CP8MF4T67SUFR8ZX82SKSKTM86D3N4W4NBTV1B7L2YSURKYJVCGX6OBFGGACLP7FSA35460RZEBRZ68U2RNBKR22UD139OCASL9F4JIYJJBVUCPQC66OWY03KK8I7BH4HZL05T3IL9TOJJUKV4SIJDSM52BYDE7R4LD5NIGJZLRGQKMACBLV1DI3QQPMG33QL3Q7ITOGEFNMS95J2X4BOI1P7GYH36UE3K7D4Q9P3IEAZH3IB651WKR7UXV5TE6SBP77WE62HFFHV9JZENEMRCFUX7SUT04GDX5UFQWSSPNYXCUAV0JJCBD698T4YALQ79C0WB3LNYOIN6DQ9ODQY06FYUZE9VQNW1FYRRTLZRD1ZZO7GUMHQR8B9A5VTUD0WY6HYQFWLYHNP4J3VRB96BFDRR9J3OJJ8WL6NS1L8U7TW8B58UP5APIGG4PKESI0US4MIPS1M5SBODNTFCAKX3ZWSTIODSRKOIOOQ6E76E1K0QFG1JRECVDZYFF79LKTRWA5O055GNU5R8T05C0PSNAQMB2P06KJ2MB3CSC8QZA1TEUE5NH9Y550WO7YKZUXXURHDWCZ4AS7K4WWWKNR7Q7HRGNAJXF011XM5F0FV3IF960Y7K7B8PKLP5', 'Q129933G1F6NBI0RLKMCD9BPTYABN4BGKGJZBJZ53R4PQH7QX8M1Q6H21A34O0XNYZI1F5DIYTEN1PICEO29PSHABYIL14YDY7AWAGNFM6SIKS2KTKYL93NDN2NNZ8P5G1279982KJQHAK6G48HN7PCT6V0GATJ4Y8JZQTAQDN64D1DQPHHCQPH8OV48D0BWVS6UD36YAU1VYAGZR6LF6EEY09T13EADPJY6IXWFSPLV9T20DZU13W0VV36PLTHTC32YFGOR281EJIMI8VAGN0K3CH08UYSGO7U25YDXXN1HM40V60T71WGREGEIMU4YLMHRF5YVCK56H5VHIM3HULJ37M4BTH4LLYC577Q5B897YTUHFPHS4XB39QW03GP3WGZNVI0PP600RQT2BE5SVKDF2WRKE4WZUZH9GHTGYLWRTMVV00L8PF3AFCMAO4LBN0BLJUL4K5PASD6W5J7CKF9NBOUAFF4ZNJ2OS442MAJSH9VAET9PD8ND4M8IIGRUI4S9S06HJM30J9UDYJIDNHUBK9GV1YIHF0VRIBISAU2FL80SEAV2PDI78FEY4V8OPM2P7JOM3MC5O2ESO1QL55X3HR6W6V812H9IB9HFIX570RSOEEXQQTA3DI75L7MKFO04POY5UV6ALXDLV4KYI2B7ZL97U3C2TS622WT96H4PEJK916VX0WSGLP1MYPT61A3MC1D8TQ0B25Q9JCN824EX8NM891FU08RQDJ2WBYW625VWVNRLNMRWU3IK1536K1CODAMI28DZ6QEBWH2LLSZ6MBBERJ6JCVI1RXXVNO5W19O2JPMZABA3LJ6P9U7JOP0HVC190WV7YFXHVJKGB8AAQ0LDCC3MYJ9WXEDFROKB6Y6EDMIWYGVKOVSQELB2RRL7MD2Y8XKPU8G8L8JAHA2GDRXAV8Y42V7ZNWCQAYW1L6G29GAH7AIGYRRLY0LUNF5FF7L2IXMV3519N960S', 15.8907, 32),
(52, 'essay', 'PF4A8Z4ZKRPI3U4R31HF825BUOMIWKZICAJQVK0ZA3BRLIK1V2YRQI7NOXZUQMQXI5SDZ45JUQ7EWL0WQ1HQVVMG3JG3O40BKCWQRVYGKGDU2P5WBKINGGCIQIRLH3L6NALAZONY', '55OB4Y5KYH95QJY9QOT6NFF555FRWR68TWEEBIPH6PFF5HTRSWB8O94TMA9AVZDK01PP7SMBJAY9C67N7Q8ZW1CA3NO3HS4AEUJNWLIE9ER2HVLEHUZZPEEMJMX073DR1MMGGZ7Q2JZQQQTB9FG737NJW17MBOE43S2OSD9X5QG4PA5BL01ZUOR5TCW8MWGXXYNX1MTVFY7WHU7JZDPNOQD8VOEVW7G04OOJI5E404WRHCX639JQ1ZBH0UEKTUVEFPSIQHN4T5ORLR8PSDMXUNIBUBLW01U7P3Y8CZ9248T0VXLN0KMQ4VG6DBQ1U4EGVJ9M8WP7P8FPPTL1Y94TITZ7V0A59OGQYACDMZGLQGMV0UNM5AL3A0HU7XCVUL7SDF5XWDB49Q42SD9CGFBDE7N3U9PEZKPQYFQNK6KBKQLSI1JD3P6PEFNWHTVGRTQ6MV6628CO4UVVS3AJI574VOJIJB3FVVVPM6F4TJM3HD6WPNWT7T1VWVJP4XYMKO3WZ6CGHORHGLNF0WFU0KW1YU1VQ21QBTCTEA2TICNPRLK8OWJIRVECRDD4SM8QJQBL4UTCCLWN57ZQZRAKEJHRMOWP6NKHS9IUKCYRQTAMP5M8PWWJEMWKJSH7UOIN25NNY9R605QCBWJ5MZ5MXR4A7JQK3N01MJ1CX64S23B6M005DTGASSOF7O979XZ3DP5MP3R70AHRC7QTPUOR8A3O5RPAS4YCXJHWKV1WPNNEW46', 6.32037, 66),
(53, 'single_choice', 'XBKYVSX7R9UOCSI7CLB0R3IN4ITBJ5HJ9MH6SEJ8YINXU8LPAGZD1K2ER0OWVW68J2867JKXCNOHA190443OJUNZRFZBE581KU1J41GXACUHHLXQ6CED79MAHQE2C1NA8DTVS2572ASYT1LOH4E0J5ZZDN5NSL9DZ5RWTWDFXRXC8S4PHUHBMY97I65782BN0H9FH2VCUJD8DDFKDOSDQ0JXTTU483HE1P4H2JHVVR7YQ619PGEU595XCEG73UOT0S2QU1EQ6O0U7ZQJ997PAE50NUJBIR7KBWHKOPY9G4X9QM64DZQ8F5QQOPN0Y547RD8AC35VDOAZ4U543N1820R1VNDR8TEFNVN1RUWUV1AN76ERGOZK3JTHO7DBZ6FB9GB3GDIH3ZXYVRFCOEIL3091XI1GK8OEAAGPEZEBWON1WJ23MB4X8782WF', 'RWZNH0IHNWKNNFWDOVZ01GPRH3BVBSO7X9I7TWSEKODTQSVJ29K9HFIW2C60GDG9Q6WVSZBDN0O18TQ1JGKEBFWV5BNU248OAE5OI0THDJ4KQQI6369HFT3O41O4V99QPQQMHIRZGM3KX7QDY142A75WX57U3BM0DTN5FC0X587NB5MK4SZ5XXAQXFBVEIY13NB1XC6F9UMIAEWQM4MNRMS9CFAX7DQIFDQ7WOD1UIA8QUKN4JN1HQNKRKV4WWBYMPBODQ5727WEBVGC10GX8ZNJJYUMSCR7XH19P5FF74PSD2JK536BOA3OJ4I7PNY0ZGD1IO0FDQJHNNI80J68HR4XZOA2ORF8OMI3O7E5UG5GW38SR4HMETI0D9O261U7VZTX3GKEJ9CVT69NEHAO2YO8AIXKYETM2OXVDHBS1SKQ156YJQL4JD5V76H316IZ73PNLUY9BDOGBLOGR7N0PJGL9IZLM4VUXQ9VW7QX8BFYQ6EJRPTABPDXIOOP4M1DSLCJS8JTPO6RQHI4IGUEASBJAFIVDDMWKK3TBUFJXBD01TIHD1IJ9V57GE4Q49XL2EO6M7V7KIWT4P0XZI3L6E5SHE5ETIGRK82GHQDOIMSGXFA8AR4IIBU8CJ2KJBDE6NNPZK0TNGI6QWGL074SBQMT2YX32ONEYT8RELMFZJIZHDDGD68X51XLJ0PDQO3HB8HZ1GHJW65CHDGUHWXYP45', 2.45601, 21),
(54, 'multiple_choice', 'IR16GTUIMUKD5OOKN30V9HHUUIV5TM96PNZ0LTEY988TY4TC7CSQB0Z78CHX2V17W3SKQ6D7UCI7GF3QMMKU21C4PXDRMOQ0SAAMAW2E4C6RJBJKR5AP0LKUE5BAZ20AP5RA', 'OFW60EP9PBTXJLFATE638M79TGI58SPAL9EH4NAYHADXVP501VLAD6KG0XHQ4XOGI0RSKFULZBJL9VIF2MUHG9UNGDRJA3NQ6Q4S1IYAAM9SAG1MUGD8038GW7CDD43ANWKHFFQMD81LREHJOTS5PCQIT389DN9S2C39LII3PS0IQD9GZUB140PNIZP6Q4T77L6KS308YQ6IO1598JIP8HSDWX2YZZG8KQ1OCFWSHK6EYNLW6647CMHC4A1XBWHHSDIRMIHNV', 9.91482, 73),
(55, 'essay', '2QN3MAOCDZYNAY9MNWG7DBAO1WID70CNI96IVAST6HOASC5W53K5YWPGDW1DC6I2JIIDGELO42WQJ0CA5JY8HA93T02O9VJURJ4E4KXP7264W5BATECLYGAZPNW49Y1SRZX87EOJRLHUSGWD6SLN1DFUJUQLBOY3FZR0T1IBHLN0ICFFIYOBEFFS92GNGM5OJD0YFJWXGIVEZG0HC0SYGX8MRDRO3TCWRLL8LJBPKB5MK0YR2J359ITXILQNOJ6YLFBVZMFTO5Q7DH983MXM15P25IUKKVEF021XHXTFQRQMFT7197Z0M5BLF9RL9OLQQDSMGYRI2ASVN5D81OBJGDD4ZKVX54A6P9Z1BLG0BIR489OUK0DO8709OMJ1W3FPABWQTINAZLSZPN', 'W4K3SRLEPJBZ8IS6R0M7DJC5K2SL27JB82G54F29LDS9VBWDW7M7XQQT2AOEOJ5TJP992MB87G6UD3UI5C3QPB6BRC43UO5WRQP4OWHKMRS83EM7232O1V6O0C2LLXV2NX1W7ZX9FIU4U6R7PZYRSDAF5MOUKMUYANMNROITVN1KUEKICJZPUYCCN5D92E0GK7T31AD4304GWF2U33NDXKWHEZ2MFKF73YUDUQU2GKB4LTXWB6MQKQLCQ1ZJMWZBO364FBXXIXEN85VVPWJ7SCYW0CNV1TFI3FJMF3P4H7N3TO3BLCDA1LOFZXCNNMPEDV96D533PUF8WUR0GFQ23ETRS2025RHDP4C2OHZARZA6WRS81AWBFCCS8IR1JBMXYOA2DCBLOGXXOHS0DPK87IL8GNFXTCTYKSKAK7D9T6KGVWLKURJ69SOURYCG3RRRFI9SXZN9NZ9V5YWHMQ01WA33MTF8I1PBWDHRX0Z5ZTZZRK6DKBN99Y6IV9W55ZGLO3ZHJGZRW4FOF7BTBY4HMNZCVSMJI288G9LKZX2ST2QD9ZYJ7VKL0MUN28RZ5SHZLOQEKB6SAJTTS4RWV7BQ6MD3QHCU6O584KJR3UZUOAQ5NYCMFIMO3H955JR1T5QY67QGE99377VP04QF857GLUVMPQ8PE9F76ZPAO3G9O5YWL0546ZLBFOHX623IRC2CUW02425UJKYZDRYZN70RPI40MUJB48M2LLYTL8Z8BBOHVWP4A2HUAEQZS7MCH0U4PWYS5YYWA41B3R1ROP0CEGJV7VXHUWNYZ97EFRO321HMR8Y1OQ629SOF14QDLFNPCTQF8TUVIHO62E2GOEO8MT3GQEICL91IUIXNDRAK8JR1RLE14XW4S8BZN393AIVKAKKXQI8IVL1QYZIDOO88ZUKLSPU32EIKWJVE', 3.85391, 40),
(56, 'essay', '9JUX2CRHP6PJ7JM4FUUQWZ5TEBGZGDDSGEIGI9UB87H3P9LGKM6EETP080D5U6U2BA5BAHJAB527NXV6038VMGRUTVRKM9JSRNAJOPRWLRD5QQ0YVVN6HAUMKJ8CN45OZUI3WH3IXPWVEGI2RWCIFO8JXWL4N16B9YLGL4FKJF1B91VU9CJSORQB015WTBRPEAEGXCKX3EURVZ6G1RAC45CROIXQU9R4HNAJDK019G9AVCOJGIZNAML9VO342CGZJAHZ2UX12BM4O2CVTODXIKS97ZTL917XN3Y3V67MD2F7PHZ0RMVG8HGAFQNCFSRXLX5VCYDX68UHOJOTOXLA29JZOQPIYMF1SVFSK73TCIYIQTU1D8SUA13P4JUH2PQ8SBHP75KGDU5XWE1QOJGA4XQX3VM0FE6L6NA5MCIM63RD8IH59ZH99BMM9LRRH0MEQ68FAHLGOF7GK813', 'O9WG4SATEPZHMWU5LDZ6LJW2PT4RE280V9LPF259VZKV2OKUQTL0EREUH6HMJ24ECMV6I324MFV3F747C4Q38WGSNGSVYKLJIBHFMTFAASCQKIH3NZKJ1S80NEJRP8SBRLA6UIMVDI8XKKVOC5AC29RA5QXK4ALX4BQPIRJGKUFFGXUTMY2WNMI9N6IL6E6', 18.8513, 3),
(57, 'essay', 'LLFKN0N9W0OLCZ737PG4VRBT490IDHJB9UHOIFTROGFC64GEW11EC0S0XOJCLMWSXUHJASEIQUR7VZ06MWYUCBLQW42ABAGXVKB8NXPELRIRLEGTOV1479YACB6A5E3AFWUDL7BWQC45V2PHSY2MG9HBPBD8CJFGFYDH3P1Z4O0J7R97CQSMOLIHCWWLDM31T32VDF9ESBRD1I55RKP0PEE4K', '6W53MMZZYAXGYBUJ6NJWFMP24WKPIM8DUYA3G2URXS0R2TX4VF3SOZT6GTFE3GHQ8YAGSMUI1ALU6DT1BKVGDPEI85TJJIAG20DLK40F72K9USQ5T88BNWPJCUA6VXA22TE2WEYVY2LMK6NOQXZKYYZLP8KS1CGHMLGIDBXIW0LUVOYQ7EXYF3C8Y364Z6KROLP14RIRIEFHJHSEBQKPRCIZBRYZV1DK7QLIQM6NXYGI7CAU8749PTDG22I2G93PE813L5KKN22AB7XOEJE9UR19Y01KWAZPXZMJ0JMK5YDC47G0KUYYPLBWLVLIWXY5SUD6WMVUCNNRW3I02A5CK5FZ752PW7VWEGNYOOGAX7N36MK8OYDS8DJ9RRQ33Y7IUH5FZBZX95V8WI8E8UH47LULOK8XF602PZSSYOQ0HHOTS4JBL0AQVNNNXR4GAZKF73XIF99X2HY3TD14RLPYN53BX3AUTLHOWC29AKWRXUO2WM146AR48TBCL0CFGZNZ50US8J3SLU46XF20JN8H3COJQC5J8FPUX1ORYWHKD3C2AKYWJLLK7WT0II1BBWNF3IPCTDGIPHZZWGSGMK85S6S1TT3NRVT0RQ1645J2NDDF9F70RS7AYBA3MJ9ZPRKRQWRDCHPHHRU9848LWMZY2VOAJ842HLVEJJP6LH4HM4N9MH1023Y5Z81Y4IHA9NSKZZ9S695WLTD87OMZ47C6OSV5L8TM54DY1MT4I7Z7P7Z66OQ6H8UAL3SGGFSFUQ87QCUH811B1PQ5B6WK7DSUYPZZFSCYXA4QIOHCIUQXU3IXPTSMW0UJ4MZD7BIINVMRPYSEMUHMU5WJIVW2MNAIN2YUBME', 18.8437, 35),
(58, 'multiple_choice', 'F7CNMC9PEWN7VG813JKJ2NP70GBEIGKDI7COAJRBFY2WWSSHE6KVX4C2FAW2QZKAI6H6RF0I4GXEJNFL82M55STKZZHXWC62ROL387I', 'VFBGWM3CCMDQILQCCV5VPF0UYQNOI4FJZYQSF5C1OU45HJA6NP1AFW6GMBJTJIZAFQ43FRWPCCSDT6PQTAZX1PDU539EWXLIZ5RFD95A9ZJXJSM0D562SFH5Z0OFBRJDYWTR6PXHO58MBR6BEG6DOXP6O5ZTH4A6HIBADVN158JCQHGN6174IKR58GFJ3IM4PVJKKT8MTT6W83UNINT8T3BN5HVXXI1DQJQ5IONROWX9CD7XS14CPYE63GWC53VAH07EAGCK3VIE5X5OLZDTFVZ5CZV5XNWRCQFX60TC1TSBMSOXX11IXV7TXYQOW3Y1YFX2L1FDTH3T39BA3N5WLTRXPG3CGX2IOH2NVUTU561AE4CNTBSDZZ4O3INJB9ETXEHFWO2JMS6AT1QV0YL9L4DUS4S8YZVO1WAXV7Q3D8KLHVXB8OY4H4NJ3Z6Z5TOQ9GAHTJVNT3JXRCY0DPCJJ2CP6SF1B07JB4OJFEPTDSCSY974RW4KHTV8BWYIVWJGZVS0XKIZ0YARZNLS037UEPOQQUCRNDYN5ZUT0WDT4PKVQYSXTFNJ0UAMQFGIWZLQSNBC8H9QQK3HBTWDRU1DX44TELFF9FE8JSENP8QTXCQP3PK6TUHCPBY30L2RXM8F8VPEWZ7JB7SAVZ06UZS3Q0FCV9G5Z16370FR89PHE4FQ21CMN4V7CHC4GG7KKR3GDXCURSYJR20B2G0ZIQ3VED2MBO1OUBISW29Y26F29TAR1MM1L1XYD1JMVMXAC443BKBTU9RC2LDM4XLHSBZOVSWYXD1XOJSQKYX39147I2ES6GVJLP6FR7TPZIPFVN4V4137JKYB4MY4CT5D6PHMIFBU6O8ZRZ1C5OIQXFQSRLE4RX51BNUTQYZHVG2C4XXGLUXDXVRVMHDT9IL07MKP7AEW7S5GDOKRS3EBVZ5PL2VI3MRWKRL34VKSNXEZMJ5TS6NLJKW', 16.035, 60),
(59, 'essay', 'HMUC63VEP48NG9DNKR07TGZ7LYSZIEFPVALHEZ6HNI8GIFBZHMYN3L2WHBCGQBRHT2QJFAPVXA5AFN2PIO0CYTJZ08Y8JGN1U70PDMAVW1E5Z017STKE63I24A12NHHUA6X5LXPKF27R5TUFZP8DJT6Q0FMWRMO1E7NWE3U52RA7Z7DA9VWD6ORG1ATF4NVJE9LGEP40JULVQVVL3GW0IQ3ECQKYPNN1215NB88NEZCD1U41UBX6LVCS9PUWKYDS7FAVNKFPCPV5LOB7A6C032GNHNFXI8D', '1606X2KC41BEBIK64', 6.96765, 99),
(60, 'essay', '3WV3NJ28C0G7TL3BWTFYK4DLVHXQGTA4WWYJ5OLP2SWW8NSCRLBD3PHN545EEYT7XTKBB4KQQYEF3XR5DF9WEJC1Z892UVVSGJTR2EBIAHY8QC67L8K7MK4CO9KYQNBZVRLK6A2EFJ5J3EL1SIO50MNT', 'XAXJ3HQPMCC32W6W468UX6QPV3YI6QPI2MJPXJSCV6FC6IY1SBNYS52BJKG4PORL0TOVX8BRIIZ13K6XH7VE0R7UK78PU8WYXEGGLR1QFN08ZIXMTJCSPLF0NEMXU231MY3491EJEBAYBNK740O4KM5BCXEVUR9T2ZT92GB95AWO391F878FQZOZ88KOIRCYDMJPQ2SDTKNPE9O7JYWMVD7P77KV4T22A52NVCMNY8QLQFF585R7WTRWSWO0ZTZTFTLDDPM1AY26308THNWSNZF59PO0DBZCM9GQ3HAG4TITLQAAU0HTLHCC4TFFHL4FFM1B2HBS9QFGPQIVD4HP2SGGMWZFBREWWJGG5DPB0018X3X46A8LNSKRSOG8UDQKGVEW85VZMLR5QTSATSVYEQOL7YIG7LUNC5MV6NSY0COTJA445YBTJPUSUXKZ47E6ACRTHCJMHZXW6LGVMPD6FP628Y9JBOH8YCCZ24XZX1CL30MKFZMQFYCPW6K3D6QUIRWF02O0JZEOIAV1L8DEZIYMJXKHR5XS0KHFKJM6K0F', 17.1869, 87),
(61, 'essay', 'HI4QPSD5TA485Q9N61T7L1ASGUSVYCOM40V9E664415K2VM7RM1DYZQYFN5TAONFHDYZVL0YYZ6JK5LIG8L1VDQ4879TSNE20EKGDHTG0DSORDX4AG0GCFPIODNXVKL9PS7R3EUKWNSZ2DGNSOABP07MJKSBKCU10NL0JDEVYPLQG0P9ERHGJOO56RW12UKWWECYNS6ZGG2ET9Z777D4NKR5R4DUBL0ECF824UXLHBR9Y055DNAHC2EC5HEK5109HJ2ROGWPHSZBB6KGKHPKQ8TA39FD2D6VRQMMMBS4ZJGVGWLQ6TKGMEQCK7PY6AJ5OI991OS7ROLQJXSRXMJ9FPI2N7FUZ1XYGJU3IBZ2C7YRF80579FUGXFEPHLP0IWCVOGGS2AD66J73QWBUAT9D4FZMV5YSZQ7V90LL3NS6XOSBCY8FF5UUE5PBBO8CA1XV7I3GAEI0F75XEPN7Z5DECGBJ2UP81GZJ1223KHWC4XFZCLXGI65F2GNSCBBLG6CMHXVWDFRJDL33N87J1AZIINQ2SMV5ED1JJDUDHSJ55Q5JD562ET1W6K9UMZLCF6749CSK2TFTQFAYM2K6P7ZQJHDJBXFPQBZRG7G4K2HYMJDTU8OGR99OX4HLVDWPHSUXZSTNZXW2T20KKJGOBZIW9HHGY5B9BVQHN9H8EZGZ3ZWZPNIE4EGEPTZ9KUZ8A4AV1VNOI5GFLVREO30V9GEIKPAYNYHF9XMPEE9FYNUU2J7PHXYS0C16QASQVHYEF3P6EGN85H8KWQTUSBZN66QWDA7NAJW92F63KL8PMR82TB1L4UOYZVAIS5EF3I4Z9UVXL4XN94OLFG89GQDUTNTE1TP8QI7F06IA016ZE4B85KSR13FRDEU8DHNTLS6NHENUM3UB78FJXRF3C09596G0G6MDUDN28ZTXOYQ9RI34GM3QJJXVAG63612XK5CP82HQ0LLGT3OATTCHX920O66C3XO6JB8TNVR6ZVB', '0O2S8LQCLH8PUSTFOKFY8CA8Z7HM7AACVDFNK0API521QV2AHMYJUTG1XAIHJ82NDN66N5W2AV7N2QOT2VCCN9V8QY9F5DRSEWUARZZ9SIWOVUIMS1WDBERX2DIYW5IUGTOECHMBR369BPF8KBBMYYSFBJHO6X4VJ344UJDL59RAE39S18LRLEV5IBLVD1V61PZ9R77UFR2CK6QO8W269XUP9BE9LZ0T0OGSBPOCI4UQVMK4NV2TQGAQZ5TR2UQF0K1B2CAWTOA0GLKFJIE0L6J3GX9Y24PHW2ZI7K8LXACROP2103J1N1IVIRHJN3G9936HI6Z26ZC91FKFX4YN118FLED8A7AAL86GSZP3PX9MCD6AS62S0J20JGGESXOQ1U5V3PGECK6I8YIAV9YSC8BUHY0SA3IA5998P0WPRAUKPBFAAD1EU8UVE25LDUSNSKMBXNRWPNWW6PRVFU4CBXYF7U8R6WY85TOGP3TSQS7892EE90C1ZCFEFBXCGION31F78OGTSRCJ65LY8SWITJDYW8TK7QGX90A2BE0VGRSU87LZ77DVIV2Q72FXWUI8CSHWMRQ0CHMSQXMXTIDA1UH7VL41TODO7J2DAN26XWQHAOBQGE9KRWHFL9LLP8CABBG8EXW70NR4X74TBJAAEWFXW38LEGB04DVS9JI0BEFPWOSG1HD0VAAFH1HLUIARTZLIGUP36DWM94YVZ3W55CAXMBVIKVD8HRC5K49C5BWTIC6LWV319YH0OOIWX0P3WJXSK0PXLKC4S4MY725FKGTF3H2DRF6IVWL44DUR3C6Z4M9VJE5KHFV23JWTOXRUOPC6WSZS', 8.12754, 70),
(62, 'single_choice', 'TW6EZ6N65HJ3GME0BLXJX8N5PD4Y255G4EEQ4HEGHL3L3NSEP9B9TRP34E1G38TIP2SEAKLN4VG966W8GF4NGJYEKT3PGRR2QJSRI322V4N1RNHXWPPF2U15SZG2QZG7CKF2OG3HVXO7YROHUN5HEIDGY3TQ8VI7JLGP2364CBKSD6H1EXX3FOXNYXPYHBN90Q6HW3XBPOZ1BG5ZMW4A9VSK9XH4JROY8381SLQ30X3POYOFI3TLGKK7MK2MPL65G9VFJKZIDIPHJ7W28U8IBWLMEJBWKXAHSO656A8DKCSG9PJDI3B0ALC3Q1NU7ZMSASO6CEZQ5KL6WU4CDVPTCS3KJCKM8AJMZJIMMPR0VZA8N1MDV9FBEJ26YUFUR1GXNOWB3VQGZTKJIK2DGNYYN3ZTVTQS1Q9LY34YRKHC6L3QV0MQCKAE23QW9W1P68NKN78PNSXBIYJA3JFQP5B9FX13FB7M0O3JDUN60EQDS5TATCAQNF6F60UGDJKMM52EHZ99VO3YVBQH0THZDQXVDFVSFRNKACF75BXF1UGYNIJA9MI6B3VD9WQNXQF1KBXI3S0TL5FFNKU89UFU0BBMMJOA65K14L3PBKOHTF8B93JMZLKIFG81945W0WL0JAEQNJRTJQPHYSWB0SKI569MUORTMELXHU8FR7MRVS04LWTRDMYK45FWCQMJ7TUF646NN5B78ZWYR5Y8D8FFH15HKJWDXZ6AJ07GLY6E6YWCUSQ7LVDMUYALYIV1D0JC4OAUH311ZKX9WA2AOT3K5USA1D0PAEU3CYLVCZ8IF5MAZFGKJX3H4T3NPFOTMX6LWBMHVA1TEK3DBZ21JKSEHOJJYQFIXLU8WN6VCHMUC3PK9T9SLB2JQLC24LA9EM1BBBISW8TYR2MB6PQ', 'B5XWNG1XGZRW6PA7ZYLGMNWJ6P26DUPEBXA1QOJ2LYVX5ZDT5CZJ1CR8V509GORJU11GGP4WII9TDCD1ZGW2UEUWC2LGE6YIMPG197MVQI8SFVYLZEA3Y6IFEK5SAHXPAQ7R7RGTX2WO4OMLJ0LEZTQB2V7NR9XPKWPX2L3JON8INW6F4DKP17Z46CN10I95763DBR9NL8DIXJGLKGV0NVSCVREAAPUWJ0F3NCHR27J4X79H33T8S6TD8TS8R0JDRPNL0GIINS6ROV2E0I2QZYDG8KL5Q45EE2ZE4SY78GOFDYJ5S95QMVDU3W5XPUAXASHP4IXCHE3ZVOUR6VRF0NECL58X3K0Q5U1HDDA3NVI9UDULZKOG03ZAOAHW89OQ0HM9H8VTBITVLAZTJPJJ205Y6DC6QUZ1DX2APFDYGEAN6EMRXL4UKYC0ZB9HYYEHNOZIAWLIAOINJ784XBEWCAGXPDMS03MUIKKH82XP31I2P18DINP7X1K8K6JXEPNBOWOSXX7LB8AUUZH1VH2HVWFFNWGUZQ3LLL4H6KJ0V9NWXSV0EE5A4G8JD73DP3HG53AC7199ROKXLVVH6ABW3BGPA0XORCH6CN8U9RTLDU7BT016EO62M61G8V94J699WO0KSUIX4WZOCOSNDUX4XMGRNK7PPYW6BU5NMJV3Z7IMZ', 10.1223, 69),
(63, 'single_choice', '4BXXI4V7W3UD7GEPX763I28DC3ABRBPO4EP6SOL0RHWS396WHZHIIPHG43VGGGLJBD4DYPWP36', '623NODD2WLSMVQUXNGHLQAEHP7INTXEEE899YEM3G5XVTWLID29FCWGHBHMJL8VETKAFYFKO7ZOJKDXE0XNAX14BOOMJISH3AJF34M66ZTT4CYHCLN66VVEFW0QOM034U39LBY5KUH6DR9J3CVH5B3GOTQ4GUQIJALKJ6C5M3EMICWPA6WC7B2FX0ADLIU4CRJZ28R6YJTWWM9TZI3GSU1F3AP01K1AAVWC16NG9CKXXIUE966UO6EVBYQXXARCSNP4BXMYYKIEA7YK8SF4YDA461KE8ZAPJLDJ0Y67MW5OR8F2AH6G7CZUMC2151QSCYOZ8LVLID5LNLSD3DNYW9RCQ4YUWX8P6ONG3I7JNMBGG4TUVHQRCDRW1TDLJ8LBQ9PKV4Q49GPD9912Y0GUB2ML1ZKUMBM0LV8FXPYU9EUL606NX0BVUCMWW7RIRDINJG4NLT29A6QGYM2NPHJK7AN1LUNQ8DQFY9HZGT8KG1QGJ5UF59RRBKZQ1I4MSUBJ3QM1O5Z2DA8DYJ3PV1VMBNSX8645UOXF0P0KO62L98T6', 3.61761, 49),
(64, 'single_choice', 'BZRSNWF6D6WBSHWWZ9I9XSFPCKYRZ0PJLKYVQIALQUZDMNU10FVHYAMB8EDQES2Z1ZQ4L80F77KNF24DPKZEIJZE0ABME5UT0IBL9VW0X3WLC7NBR0WCON29K3X1YZN0A95K0YK8APH0V4DYZIOULYDZ0ENCTBGAM2PAZFNT8LDUG9PTN4SNVEJX80S4PKKB46NO8A9H9Z5M8AW7IL25QCDIG5W6S6AIXQBSU893TWV4G2INV6HLTCDHEYNN84212ORMFBGTU3LOH1EMOD2QAZEZ7WOGZDREJ85SZRIZKPVDVK65Y74SY7MLAOX7KM14SHERFJZZBPBY2NDUCT7TMQES0A6ZB4V7CM6CK675RT5S7K8DH6CUF88AVNW5MN2THAHS9B79VU6JWTOB9B0WQOX55RNYCZY9L2B9XHYUM8FGBL3NF4ZLP8480VR00AEA4ZIZS2DOTOF2PN621KDCKDWCCRFARYJ2PDNR3F6X53H1UPGOWVAUT6QMZGBX7M5XBYVV3W9NJBGEW7NWQVE2OUQNJQSOS3JFACWYN5TRWEPDOOM2EZ4FU7C9GWD0CZKYH33TI45CIKRO1MMJ2QXLV4ZRCNNHRHU8BI6GWCZZN57GF54PIMF7XLDUUXL3MDBBOCTFK2OUIWR0MYE507XD739O2C93LPRIV7DTROP9Q', 'MROG9WBWEGOAL75XK3IEXDRAH368BQ9FJLE5LDK3ITWRUI4Y23ZTVGF0J7E6WI69SC92MJUKN7A4Z8GIW40V2Q3LRS9E115NR6UCR165DLCMQ16QQDBHDQ3FBDNB7UXWP7VJQ5SOT6FAPXJE9C0R14N9QUTC12DNUTT7TWJCG0U6PXWEC387A9E7CKGPOIVKXUA083I9RN03AD1IPE29HQJNKL5VRJY64MVHOLF2JQU9Y8KST1GTI2HXP43QEUORSPKFN9LKOW0F9WZ0X9165JUNRYQ9AHRX9L0SEY36RO2IVBKJ6TB3BTGS1KIYRTSLROODAUALOSH73NPISJ6ZS6N53XIGXE129B3Q4TVNJLDHJWBF8W0YVHB72B2L993YOIGHB1J5W0G42X0NWMDG2RAJJLGMGL5K9WK2P8KDQJUFUSE470FU5S0SBKMHFNKJ9JUXALEPXWQNLUCGXHK35LGBXWY9H3T7YWDJGUGH5F3VI0Q9J8BVM9ZAGI096MUQK7CE9YC5GF428LCSZFG27BT8FEPQE55NO0ZN5NX89936OHPP3EI1U1750LDS6QTB4ST6W40FPD1OJ1LCMX158EE7VMKZTDRG0H0DL95I2VD0RRONCHH9GKR', 17.5557, 89),
(65, 'essay', '3YGG9RY71P75PD9WGTAQC9NCSABWX31TCGHBL0P436D2GAX21MGSZ848GFHVGLGQWVRVQYFDG6LTHX3CYGCGRQE8SOSRPNAIDLCZKI26AIP911WI4H8F10E4AHZUOIGEKPT5PTW9Y1WVQSNMUFXS0PRG7HW71C2WM7GTFHBK2VQA5XL2DZDL27DMWMHZUHFUDNZ0CRSI566RHI4IKB972IHMJOL83PJJKKFKINNPRSV1KDHI6AZ2SF8Z4OOKUKFC6MRVDUJUVM52KN72OT4F3WZ4YPJDMV5XNAAR3F1FFQS10Y9P0F1A9HPIC2MH8ITWBB0479QAK2APKDQH7O1FD3J04UDCOB7DJ1LA2MF08SKMYPIDKBH9HQKTJZ8RUB2ZY23VX0DDXX1FSUEE5U1D5PSY8YPOCXV98B1INQS84237BBASW516G9YGHO4OJR2RVCOLUS5WN2WNEUTFSXLQPRM89HG3COU5A3SGD7JWYUIR4867YBJNFBTN0TXY37ZD0H1U9FD3DH78B5ISPMTRTPAYFG5BIXP8YXERJWH77WMIO7P8B3BEGZZ73U7NTH6P4ZTYDIS5L9YDS4UI4HIC3VGW7MRPJ68AG6HN5OYNFL960W25NFFN31MXL61EH2XS07WDHT0MQ5ANK6S4OWVRRBXFBFQLO5LANH8MAP4UOGIQOKSDK7G1KAN5UKFW00HRWEPII8E3D9LMWZ49T51E89M443Y33U03Q5NLKM3DLDRAMQL0XB180H1J3H0PDYIH89J7B3L65DFHYY4HWPZS3ZVGRSI8N0YUSDYAP', '43JH9FNA05XR7R8NDP3RQNR1QJA9LJ9BLFKF749JRBPWO47TQTZBD0PMHYFHHT4NFRWU82JV1NZT2SC0NOWJ37ZDDAPWJUW20F683AFWH0QQZ0INNMQJMR4PR5HR1107ITZVEHRV0ZMDK7RDS7XEV0FLWSLYBSRFGKTUOU6B7VCKE0QVATT05SS391ZVYIN72OWOJZJ0B7W9Q9WMPS2NKC3CZRJPRSIYIFZVU3BXIHJYFVQDJ2RQVKIM87BFKKTOP3RBDNRK2ZZT9OYCDQ2006IADOFEETEV7R4ML65EI0SF9BMK36BFY5PKWBHFOHROTL3NJ4FDPT3TH5IW98F3E9O5P7VD09NU46T9HGGV19G8XQFU7AUERIGKRPM7S69B7JY1Q4T1JRMYO3CQQJZA1JVTTCJSANMFF61MUFNGZVJCJ510LTG9RBO7R1HS1AN3YC9JU9VO1EXYJY1ALFWU7H1TZN60XURXVFLO87WCR9QOG5AWYTUGLAE4GAL73MBIMUFS1ZBD9JQU07ON95X2QJYOCPDTRWVIBQ5Z0H10EUMYU3L1P4QA0V57BSAE3YXJ9ZSPBPD7BWGUB0Z3DMZQL16Y45KKOD9H1KZJFP2UVKWIIATWVC1VF2QXWMZQLJXJ0H9MXFN03NJRZVQULLTN3OJM6MI0K4K9JFWS21JCTCY33AL2JTMHE6SPG1U6YFPGIHSCUA63GYCHCFTXKE8EWKFLZLBPQIM170OKVFQYP8FJH8X8BCO398Z527KEGJ29XXQQLNZA9OSUP9RJALQ05BHNKNDQUS0DTW4K43BUR1007RRFXLNEDTU3DXUUQO3U2GEYFE2Z95X87Z5GX7R5KZ0XNI4GC1Z63HRSYIX4JVL', 16.5922, 92),
(66, 'single_choice', '0RV0VOK747I2KWTU2I12DU0ETSNX61QV8FB8H3GZWUR00TISVPORAGW9ZXJHDOWRDTEREX7J914DGHCPM14L2NLP2PTIJOLY8XZ5VLE2GI3PQ829OMPJY3EDL6S0AZD0C75A5ANCQ77CUFOHLVNSV0PP1RW9DKP8WGLXOVVRTSSMIWYIR2PZDH9KXG7EHHLAB398E4X3K6E8PS6I55N868S506HA1IBSS6Z6T00X8WN804FLMMCWVXESWUGTXJWLQ30R5JY35S3HQ5J5U9EEYYSSG6HS0LOPW5R35YTH2M3W1V2SXXPYABQ1QNYL7OOQDUU739E9BPR2N87QR397ZUILFLI8GRUEOC2UC97AQ35EIRTCLXZ957JEGD5DDCW5OOQE7XE7W7ZRNELJDJT8Z7VUCP6EWGNSNQ759AHNXVO8BZ7QQFGULSIBGCHDKF7O2ST647UT3XEU928GG4FNZMFGADGPTOLTGTJ4LBPJIABIW0S5EFB54JTYN116B2ZLUMEVSHFVB6MVK1EL42DOG6HP9H1DW9Y2O0ESBIG0B38LVZT902KSYVCXCMMLVUK6F8M2NLE3FLE2EO2Q598YIQHT8JM2QPMMM8IVZQB1HLJ6R6LGEEYT8HU6DERIGNU19GHFC48C4UIZY88GJE6O5JSX4W3W7G0R2QZQZ4NI4J450CGVVM5FZYZ27MZWDJXGLM2DNVZE40IAL60T52G98J0DCWCQKXLZYDJF3THTAP5RXFS05FLSWE7F3WXH76DN5EQELF4SRW6ZP1Z0SINODYGO02AACWDJSA4DE8TV5WDIOB7SN6UQS4YKDU2H9W7TSH35CVC6AW27HIZRHWVZLGX7XQ1AQKKFPCICKZNAJWJIHH8JPLV8MJ8QMI7IEJQ2FH69PWYMN0Y8KXB7777FQ2S0LIK5S98IH8CM176X5KBI66QR282DBZ9C5RZ4C3I6D0K14KN3OGLL6GM7QXT8GZHKG', 'U2BTOC4VUJAH6TZM03A3GJ4WJMEXJGN3VBWIOTAWDPI3YD5IUCS93RC8NL373G496B8H4BNUT6VIOKA21S5IVFJM906W88RCG1XV1ULE21FLEXQ1SB2P6OOU2O88C7QGQW1L48D56QEJX9YFBYT6T9Q7MMM6PVXNQ8E6HHUY4SGE1Q65OM9OIJ9W2QU7BW85JLQ53RM5NY7EDOJJJCB8ZTFW0Q5RSK9HO1ZH4SLSMMMIBMUXRQ2MPUFPO9E9P2M301ITZJT6QMB69FHKQW4EKB0B1XRYKX29AUYK2UL9WKJDVW6IUPMW4ONG51MDOG6FMCRQBFWFWNJTYGEV62LYH1MYAJH3EEHL4U8SS7UDTBQTVTLH6TX4PW6CXSHRO35TOI8LDFU3NOVU9GSZFZPZ4YOLLEPG2641XVFJ93868MJLHRK7BCOLTQ9J6RKEOSOHGXWRV96RV1Z7YKYPBZK0E9TJ6I5A9GPKGPU1J043KMDZMSQQNCRMNBDOGMHLBY76CIEJSHQDK3BDIO5WRSDRIYTGX7H7XOUABNV1D3R1R2AL1W45O4', 13.5357, 2),
(67, 'essay', 'NHSMZSOJBGVOPVL77E0L0E9GLPKTOCPFGW97UX926SPJAIG2O6B0SBS3TKUUMP03WOF42FZKK3N51Y7B5PV32XNLC0RLRK7HXZUKKCML6OV2LSTWBEJTEMAY47KLTTDKF9HUW6HH2BVDAUM8CE7Q1FSQX3P4FR2L5JEFXPHNJ6EM1A98LWDX22BAFMBR6I0SBD102RDXMR0C9IFCQDRKAR1HMYXP0Z3XEPEFNTXYU6GX2LL06Z6YGG68NXITFT5TT2D4TU97EECOTYLXI5TD939RY49TEI6M2Q04ACXUH352Z05Q4G50WREXLFR4F2HQ6DE77YW6EHXZPPI4YTJE1EUE50GOOXOTJA686890QF9ES2OF7PD6ZWW3JZPK5SY34B5IOTLSIF02YFBZNQEQGY88PIMC29ADOZMB1U2B9BEMPK963QVG4XXCZFETNTNHS23ZWFSKKZ39KKGI2QW89PX6L2E6BOQO3RO3YFTVM71V6YV4IAPRQA75F8LDGFPJPUFJSYVP4PZ79KNUEEVWTXXG6KXSQ30URSR25KRE5DE13J9FDW3EPN2SSQ4MMHQ0JYBNJQIJVHH7C9LNTT5E8GJQABBTH6GVX4IW0L52FRM1NGEQHYWU0IJIDDGL5T6R158ARSD5U22Z1M0MCF9PGF7TV0OAWMFQJCLEM2PM2VZ8W08UGF5J377VUD9KNF3FQNCVOMJLKG2NZQBHPZUCF5GAY1UJSDX37G4591Z4HLCBE175NF8M9X0GWCNFCUF5HTSAXT3L6VSWMC9GH1GOFOAGE6C7RVY1KI8ZXF2AH0LOUD2QIGQ6PKZN37J7PT6R4Z', 'VDEY21T96VJQJTKULF72OS01XSBW8KB1P130PVSU5QEM6DROD31M750ZR1ZAWF28OKZDY7OOVMCMQHTAS09Q4YZQBU0D2V7P7HPH5V3D2C302J9ZSJ26VD79VP3CV5H5BTR11JWIPA60DH2O5OZGAQUO7LPVLA67WKP79OD9FE1HQDDR1Y8WJ22W1GJK285P8AMWAPXGCXBHECGVT1P0OWFSXHHX9UUILGZVFIFZOO4LMV3FVW4FDL7SE0WD1GOHK9LWHGK1WREZ8GHA2JPYJCPMA6WKB2WVLWUAPH659Y04QM43WQOS1T7NHG4GGRIB7HTI09DNWMWIED6NSICDSN20TNCUCV5592DZG6BBLZCG4QLFERWA6HD9QIUHSXSVMSRJOPNDXVH1070UINJAEW57RFE3EZLYK3RGKT3367OVZGLOWMLP', 15.4867, 25),
(68, 'essay', 'UT5NU9KPNUQDZ7TZJSFFAT61EGIEOMRE6DKHV2TNL50NJWN370EVSGLEVY3D5OOJQ8V54VSP0GYTEM7QGPFHDOJA6HE9RE8T8RDZ2L686NRMAWGPMP8Z1MBWEU0CZIAY23GVSJY2V2TAGEVTHT0UXMGKKYAIQD40JJR4LMQ88Z7Q85ORZHU1D3AYLVFQ0A9U4GNGXT7KGHQY003HRPITAARDC9JQT7KGH9750XXHMROVXLJJEPR6ECZIOQ9CSBCRR87C7SC6WCSI9ZQA2HMY3I7BKZXDQ4RXYITYPIX7CKIPK5OZ2KV46E1H0O63LHXHOJPEMDKKFF1MEH9ULRVRZ54PC917XFE3Q1F558JVG6ZM5KX27W9IXW5BZ9Z242V3642NY4WRKLOSYSJKJWOOB4A9G5OTP8ABV9S88CU48FR77IVCMEBT1BLBFRBRTT7JV44FD067E95FX4TVDYW5EF0W14G2YKBD5Z6RY3H2K8D703DEYDH6623R345WSDCTMWF7CGO2K9RKEN4C17WC6FVP8ZTOG4IJC5WQLNT5IUR3ZC5AXDRGS2UDIUKS5EIA38FDQRIJF83HJOVQVKQP3PS5P91C0G3LKI2UK7YP1IV5KZAUWPRE92G4X9JXA45X917EY0EFJ1QBYWIIHLLCRQV183V5EUXXENH4MIU1AXYY3VJFQ9LZIH4SMOHJDRTQMWSJIOZ2UG39D64GCKXY78HY5OKBJMXBX6TI41F', 'MVNL02R8EFWSIQKQ0HYRU7YZ10ZF57DOGR2AD8PHF973C9XDTG08PYC8JJ307RNYB17BXNIHYRTN5K9BBSAE7ZQ0LI5MADMVDS4OMBSO43843U0HGBOOT1AXCINRU1002KMX13I63EKIS5S5XQYC13VPFDK68GOEQI7YIO1QOYTPH629ACY46ELSD792GIDM3ZPER01X3HA80WC1OJBT51VHB5AU3KXKWQ6WKGF3TNNGJ8P8MZXYWLSWHRFKA569ULUNY1P8QO5E17EM033R2DI03BTWJPOTZFKCJXI2E2GOGE1EPYOV378BVIFTPQAL897WQHKS3EM52HIK9W2VDYGK2UL421YEK1MWLHTQ924O5V0EVVHLWPNESHIMFHSE7BXZ70YSPR1BHBZ03HCRCSVIELS3LU3UB6E29BJ6UV6VYDJU0GVAQ07W7N7G1XJFD1S6ACPSZWSSANF7B2HOYQ8NUUX54D3LY05S8RB2OWJU891V7E814SIBQN5BEX748B0ZLKH5MIR7ID5FOH7J3GS4LUPF5VU36SVAW1SF82QCSN71KTXNTIGBR8E8IIJUVOC4R1SQX6NDEOZVLU8R4TB0EJS08KI8Q0EX63IV49ZQGDHW08R8YP56TFL9J7A0SYWJ2TJJHAB9UXSFPS5TFX6LNUS9NISGC01WO9KTLMKAFQ3X17WRGDGJZOM5STDLA4H90M75V96K2LAM3FE3I2FJBBIWFWURUYCN0CXMCAG2U2STIV34CD0Z8HO6XI2CPAJ2AYT', 8.36979, 18),
(69, 'essay', 'X2IUG1VNO6AHXPBKVXU5LQ4BI1RQ0523S2PW0EEK618AIQSF5O101P', 'TRSEH0ZJN7TWTV5BQHUEL74TJ2NTN8P66BO63SVZJC9MS8CBWB6YZ6D7GWMDGFGUWPNC38KARNYZOMCY2ULFERGA8TTXFKJNI50NPGRSU0I5YQL4EJKAZ9VFVTDTM38P9TPMXUSNH828JPY33E65E6BXFX925QV2W147R608ETB76V98YDQ8FUBY2X4UZF2TB8EPB466QCNDUIGKLBA3VHVVCC6658EATRJJYOYT7EWPHRPY4HRZAJ1N3R139MX2HI8O9CIO5XCJTPLK4FUPH564CGF9V30BJXNCLC7UGX0KJEGCBCJJWV6O6QL7S8SE4HCTMYLLVGKQ8XJIVWHJY2JDN3HG2ZSXGMJCMTQP0WQVS57WV27PBE3TKHL4IJ3EW7UMTMDA1OTGZG6BTTZ53E5K9TU4CJDOBDEFO3YSENM7PTTA3U6HVJJ7GPGMAXQ9RDR27U6KGA7MHR9JSGJM22ICY7Q2PLSJN8BCO8GL8W9800CXE0BDVP894AJ3NJF3QUQ1UR3839QYWSSFPZ59H11', 16.9949, 79),
(70, 'multiple_choice', 'XMRJHN0HFMP62UASWHSEK5EGEF00LD9SZLOPZFOIHGE2YOBVLCIITQ5UBYTPZGUWEDVM4PR5VSWIM758VSY4AZYJ9LZMN4GDVJZ14O6BKDYKWQB4S5SJEMQX0KMUMGOX3EYXJN5CMIRS77YYJ564IG198KSFN5UQO42IREIWNE149RYGA8TA5Y6OUENTZJ2H0PL5CXRYOYRS0C3A2XPO4IL1M6X9Y9TGH1ACEDJGAXYF4021P1QUL94Z09GB2LPPYPK4SD9YPBZ8TPOBD6AW51B8', 'YH7COHDPRES34M15S4E8BNH8VOVCWRGFRWJ6HVVA95OO0L1JO6I7ASLS4LJA7IYNLWCHTAR2RY1EQT9ENT5G6ATYQ6HZHE1822BVBS0B4N90D2AK0PLOGKQSSPIEA14TZH5M8HHLP2VQLNXP0SZBT2P0HK4HAUOC5D9K0TVHI41MAD7DYTSGZGZ1OKYS98GYWSJRBOYREEGVMEZIQN5BNS9Q8D7PQO628DECYC4H1Q81Q1DL528F5JXIQGOC4KL9CU3Q293V4NQSH1V7VZY8JCT4E2J0C2Y2TWG3CIU8QOZG2KOMVIIKJCPJ5OUSN3DC84H8XK84MN21BC57EKJXP6936R1T9JAJLK859O0GSM', 10.3117, 15),
(71, 'single_choice', 'US4V5MSAD6JY0RWTAUT39037EUODPXZ2Y8C1JYWDJXZJ3A3Y67VHSI97GQ2LSPS30ILCA52IYPI1ACW5WBTG23ZKAAZ766XYG31TCNFBQP4QLQDZXKFD1GB8XYLPWJ7WPIWUTKVPN9UAQA6N8NMKC174T6VRDZ5LCF0V1S3MYHCCCKGBI3JXOR0RTMSTVJKUMUMTTYB31I3WHS7KU8DDLRF75TG4CW2T6OGEHQQIBN4Z5SJPJFO5J8LP718QWJX7EBLDAAD1RXBYGD2FMS7Z4FAQ2L3W8IR23RDI0CEQLGPMOX90V1RQL5UTXC2YSNHEPLROV62AYMYOTHUVLPHNN68BT2QIB5OIJ2XNYWGMUQFI618JEDGXEMOFNCE4MPH3JJ7X2I9IA7I27VLQNDS41ZY9ZJK2GJ7B9UTHTCH1RUVLYQ0VJ3BDHAEKPA9ZNRIIDOBYC34RJR0KTS1V917Q1GEY0QPJSRLZQTSHOKAVQQXHM7XTD113YDBUZ5BVGYL8TWAX1QV2Z1J5IPC6FMJEEUQTVBT0HBT7RDTYVCFGMSA0CH9MMWS6NA3BYB99M8M1IZFULJYJ3OB0O3WTRCE2Y84SRE1LON0TC7D9J0X6RI7Z8W917VBEI7CLHHR6WT0B9VQ1KZMW4O807JAL4XD94IUZKYUG9W8FA3Y5QWSXHDSRDAG39G9NX74EEHLNVIHF2103Y18K8SUVDNWXIF2F2LGDIP4SUJZUC1AT9F9U2EE01Z3BQS8EJ', 'VQPLDJC42HTDJ6EZVV9AV5K7UKL3RLZSMBU3FTOL3I7SAMHGVQGJ3IMY8VJSXS04FMS88QDRUS3SSX3ZKPNHF768D0ZJJQ6AXMIFKT7WQHCZPHCURPGM6EFVTYP7KVUYZ0YNPG4TBVG2ZEW87FQOU3XGGPE553EUQV9S23E9IT2A3EM4KT1LOQWNBY1S4U4E8MPKQNA5UP5H18FU0WICBJVR9NPU88Q310B5YL56SETRSM71Z3G3JQ152C5K65Y60H3ETUPPNAOK4CQHQG', 5.96254, 81),
(72, 'multiple_choice', 'WFU59VE7MN887NMPKZORVZBR0HA3Z5T142JCCUFMT8AEUKK7ANUAVVKXT6WU0ENTGHJYO53B8I443YBBX4I96ZIJIYKGKTSNOOQCOW9GM9MGRDPPH5SXBNG8WB4VU4I0XWS6VRLPZO0ETBE3I4G90INCB6V841JLKIQLTHJMNAU51B2CKYVL2SM6M076XOP86XSR8DNLY0H6QZBYMP9S3RIPIZV2AX8RPQPEU0QRY7L8YILZDDXIGAEA0S4J4G3Y4KTFBGI1TDNCTDSI3CCLLF9PTH722UO3I9F02JJ9EE1YF2AIHCI7GHD08O6NA8FE4I8NOV1VAC7ACZEIJ7M4CU4J4SNEM2HVJVRGORIPMO1AOATXNCEL9JL6KIPOM69LQOA3PLFYQ6U663ZYWMUGJ2R9IU2609DUM095OQU0ISI3HJXP1MNIUB5JWOSG5NHWLP09LFOQKCOGN29PEZF3VHQ275LYIV56893T17XB4LOXLB5KSLN800T6EZ24IV9OIMQ9RGLBF2YED56AWIYL40WRHD4O8Z1JV2TZ9TKCCP4ASBQ58Y70B39U53C46QOK6J5UMVLN6GOBDZAQ4VEU2RYOZL3QFTU4BD6R99YVR8RU25KAIKF2G809Q29QEC3S172UN01OBFHU43ZKNQ4TFC1YZRAON00CCBK8LLBNDKYYYYR5ISAUAN10I0SYK9PMW0JDAVPNTHWLWJ6UO763I0ZQ6KICCIDZCN2JXI0S9RJMYV9761NOYKBXY275SZ4HFA4CP62FYNJ1UOHO43D4BZR4H33HH0M2VAQQ0GPJK8CPTGC0SHVXTZFYJ5GX81Q9D7P2VVRU2591L9NY5G4SPYD2EZEFVOB4NK22R88TFGS33DVKSGOT21NCP2Y9QQ0V1EYE4IX0Z8EZRHZKIQPYPJ3W', 'PG8W19GXFF1NO0FOYOML7FROF9FDSIT59S70SS0FRRJA1YTSR9UJYU69UQDITBWHF1SDI53QL2F6A4B714P8I0SFGR25SUIO6RJPYXFDM6P4VPEZU8KFRW1KLRFF43D0IM99DXBZZ8V1CZVM3I29AJTFVMB8ZP5FGQEBLOY8RRZ2JBY3TT4PV4VUV8J7QATTX0CSODJYWHW1C4XNZEASZ3OUK7TH5RZIR6V81K289E2RXYIJ80N6MZAV85D5I33Z9IPMNXHI0OJL1JXCCO1ENSWL9MK32RPI6QWR0LXZBIZ6MBQHB4NYKA4Y7SOPA6TP7Y3O3W2RBTWG1V6TWQ7VITLL3H68X01JJZBOFLDI522LN0WPHTG08LXQK9IS9DPDXLZL3XDCBUM0HZ65Y3OJQK8MRDKZIC0FIOUMV9RHV07ISBX3IOM1C12S4VNTIVWPO6EJNTDSA9NHV46USESO7U779J6RWG41WTGU85KFRDBLBFDAHOA1IJU5SU5FFMBXCZ1DFPPSHCWPQSTL5C7E', 10.7343, 66),
(73, 'essay', 'C8LAOT787W7J3ADNWWVG70Q19UTZWMQKK01OTTB74FWXGJDURJ5N2GC08LFN8Z63OM5EJ4Y7E7ROXXP4UJKAZP3JTBRF2LCSFB1JK9YEDGTIPLAZHJGGLBMHQ35PS7479RF9XHU6JODRET5S4RDDD6J0U73I74X6DMD2C56YVAWN13DWLGK0IOB77TQ7BU1Z7YS3DEE2C1QKISU5NPU9NHOTCS77LB4R111VQFO15P9GOALUAOT1P29PM9KWRUYGMM798IMC7BWKP0YCTCJ4NLNOZBUM5KVMX69P7SCXKRMHD3V5IF4Q4PQGIB9VIR7IW4BQGKW2S7LEAQ8NUF4WI9J07VQZVCYNAFS3BU79JZMCN6HD35QLOCU8END42BTJ76DZYQYDZTYARLDWDOGRQ5F0Y8YDGM2V9EFNP3ZYOKAELCMHCVOFZYOBTM5V7PG0M44EEKY3VNOFGVEWROEIR', 'R8O7GZIKVNE4YQO00R8ZM0XK3HS3LXEG3LJYK4FIR9OZDHJSAF5O6K002YVFNJBNDLVGMZCHT5SYIF6B3DVCTFKRO5E03Z4PX6UI3EVT66M7Z2ZBKVH9X4VYWT8YS4OHXVNJUF5EO8POGMEJRE1O455QWFOCK48HKFB57HTCH2V536FEF12A01A1HSI0KA2MPK92YVBYHNUWNKX5W945U4L2HHO9V34VOF6Q48ZU51U1E7PFQJ4S8MZAVDUUN53NWPHYAVG270OZ1ZTKLVBLYC7W5P7P0KDL9EM9HUHAOF0KZ44FAUOR8DJ480X0BKCO2ELCUGGJA98BA18KNL8VBU1TEY1Q94J8MQMKTBOWD7QEUUZZM8M560BYZ0E1FNHSICFO0KLOGQD8KYBN42LO3UODAOMTKXYYE1CYAECLK7WYE4BKNYMQOK5F8R2OZ4UCHNIZ28UJHZ2YHGC11', 9.92713, 46),
(74, 'single_choice', 'FUTMQH9TMYEA20GMXYBBVOQ1NA8BSTY4KTFICJY2ATD81WEY33O08Y6MNWJVC36J3T87Q8H3YHWYQVX9QLZVW5YB2P2EOXC2IZRBBSGSX9MJBB9Q37MQPE89YK73PFEOYLDSUSO130P1XA0ERUPVRDTGTV8COC1DTLF2QT38T5S34WIPH25AA3ERKMEE96PTJE1C9N53WYHI0DU3WDRZMVBKQI36S8HCQUO1X6ZRUV6GPUG2LIOQO1T1RSC9XTTZ05LGBV27XMYO4A687TUH6OOYPEMSKPR6V2KHIDFA1REDX1KT2BM7K7TMNSJCJOIZR08ECTVCETJ', 'BH6KCVD8RKRO98WPF2RWYDECQNNXJH8U4UDM5M9I99W9751BNHRRFOJRVM7GBKOXYA2AEHUGQJ46LLYVX59C5KOVD3XG6TBAM5QOQUH8DZ5QQMMWE6N0R6CT9AUR0P5G35JM3U5GMM06PF4O0V6OP5ZEA2CXD5NFIUF1DNPIC4WWP6RRVT9LCKUZJPKP3SL419QK9KILYY9L3A4KAW12DWNCYDSJCJ4KWKMYVCHVSPCGSRIUMWFNS20CYHI1EUUD64XWJL65NU8V9RTZZ32XCS7XQAME15GM29OE6X2OOHQWTSMGF5ZBMOVDS3YL93WQ4L6RLP95AV7XYR6V4THXQ51RTUZ90TMKXW5ZZ924007BW9AO72RRYEI1YVK0SAY8PSPBAHG1PQ8OKXMXGIL95ELOS8KRP69G3FX87HAEAYL0I72EAT1TIOVNZPU1C2CH2SABIFLFRNYWEPYIE1NARECGO7EVF3WRATKD8WKRQ40EWKVHFQ16XEBYCPVCH5ZJWLK9HBXP3DYPIY8262YF3JIENSXGCDVC77XRQZO1UNO2AN3RXW5DJQDL307SMWNWSSUAXWVXH45PIL8WV4QHMSAJTRBNLE040HP09K9PTUMUB5XZANDBT5IXGXAAPQ270PFER29N8BP4HT5UKE1LO7OOS068SFQNQCMNT62XIO8ROSEXHUWOC87SHZUDHH5ABGDTZEJKTSH3VZJ4C3TIIZO1891ETJ1FB8SIXFQ77EQXJRDNNH8HS5WGMH3ZZJGQA1XH00O8JWF2Z6KIGLX56HHXQP', 6.06754, 13),
(75, 'essay', '7HBHSVPCIUCBM1QZWLK0G3083ZNRJG2919DHD3PIXBESR5WSEIM9J4PN7PNCR905SJ7SUNTK4WXHS434WR9S355GLPCGT8IC66C52R5IIL9RSQNZ2OZ2U3F4YSB9XOIYOT5SCM57722YG6W344IAHD1PU2GDLLEW10EO7R5J96UZPFTZD4OZ5S9MYSMVSHODO2G6KMS6MP9HAWXAZM9V3VDIUGGR2DSI35BRIIHJ3KA2VNUPIEF3QLPCPNXWVEHWWLVCSG7IGQC42CH0XSUB', 'WRIGZCQDJVTBEPE2T8IHPM2Y2B86VPM80HX55SDN6AOW5UOSLDMXW0UF5QTMXZ7T9SGNBSIAR7J32OIEVV4MD4136J63VS7ZMFS7EH6QUV0MZSBNKHYFF6JPH97U83JMITKGAJCEV6RSS2XA82UBBRZTXOT2UP2BHSSTWO37GBOLTVBXTO2PKU3SD6766F34JSO3V1Z79JA57T32A38LK41Y3F8LMUL15ZL4SBWT7TDGYM1GKYHM82H06MUW8ANGB4U1FJLFGX1VYNJWUE79Q5UEPHC74EFCHJ03YW39W0Q8SD1FAUTXGCVS4X3TGMFPC92HJ9QE7Q4K3DMFQ351F7YH6ZHECO7OOAIV03XV2NE74UM1E2M1598GVE0R5SBJCZV7HX8UOFZMO6J6YKHO8A5RHAERJ7NKD8E3HX2WUNTR24IKOSILR0MZR76SVUFJHDA6X67NT7HOSDWLV0FN0XI01XIK2W32MO9EUUEZCYHUCESVECAU6GBQPPRJ2RBA15ZCVMI6DP66XQG7RVIEFT5HQM9HUOW1CS1DBUDS82ZVYMVH3EWMRXQFN20IDZGVSNUU7Q5HDQWJT8M5JCZQJ4NEWBY9WC5HABW3', 14.9313, 26),
(76, 'essay', 'JFSPJXY521NJO7IB7KFO0PXNB0W2X71GUXZFH719XINNZILBTQ072473XKT1Q2ZKV8Q7V1UX2EI41VPNP6ZVT1HOLB9NY3D3OIG0CZYQ1QKWZMNRA0MOXAOTVD6GEJI6X9LSTC6USF6J5VXS9K6DCDHFNVHJO5AYXN38NP7HJ2V4HWMTHV5EK4SWHZBPXSBGVXP6DC6CK2D53A7PQGTAGNNB3L2ODEPTWJKPRESBY9K0713R9WJ2IS9A03LZ6MJ57M825SFWF4MUR', 'MCWWKNAPPNTGEZDF07EMSYTBEUV4XFD0TP60KRXKMRVV2Y2WI238N5GINZ7O7AUDYC3LH6DMY2O4KE3IIW58RQXD5ZDRG73O8KV3GSSL0DBQ9D15TFK68CXPCET284AIFI78EIIU5R6Q7W77BU11YE949X79AALAQKIWK7VX6QS3D778AYJ27ESKG5UZK38L1YWRBE2L5HRSX6P9BIFPUA9H0OFFTVIU3UPJI689TY4S4EP17HMI1OD7RWGS5136IU0VOFQ4VGVI3TGOYZMPKKFV0P8ODTFGTKZ9YDER7LDX1DR1PVG9NYINNOCB61EYJJSNJ7S2Z3PFOGRBQ408MMP7TH3RTY7IJKSOF05ZN3I70GIOCWB5BFET6EPXQKOQCKLUQZ2T70PYFAAO2QL91ZP5K18T98QD4NI9OYBHXTP6F4SNWOFL5U83BGN0DD6QAGDFZ8A37C9AVQ1AQH33XB8UZ23GCT1WIV5VRAMY27MYPNZ625RHG99ATR9Y5AME0HFEWZOQFZCS5U6ZBUZ5UK46WTF1PDSVXLWX8GTM1ASDCGGPALDWHUR2PCYRIB980UFTGPL9U3QGZXU81IA4EWIT3XMQPJG518JVQW8BQWFMMF6XXIG3CLFAUETK6AZNKQMXMCVNE7JFYO2KLRG4UM8RU5S5336A', 2.11087, 77),
(77, 'single_choice', '2C2DTVTIO5KNR7DX4SJJ60PFQZR8X8S1YRUFRETVQ93NFS18M6VB7DGU934Z4RAMOMTG5TZLGEOLLCQFVR3T9SIN1VGWH3TFNV898AGYDMU8RQE9KYCQ906C6H0J34TOPYAG6TDPBRQ9ASZJBYHEVPL64UKR58QQD0C13IRQ0XBFVPZENFTGI7RK51F5HVX9FW9ZFPFI60BA6P8VDHJYU6FVMHCC99JFR5H6Z1Y12HHDUS9ET0HK8XZOKTEO0N7N7ZZBPY01FGMLTIB2ECKVS69HE87Z16K8U25E9YO7J7NO8BE0CIVF8ZRWLOHKQO2N9ZXJ63UH7HIP27859D2V0P9TOO80PS7EBJBQ43MVG6', 'LA1B1WA9OPMC19N0982HX0PDFHOCM8WAF2EQX4IAC6MAOO1Y0R4A3Z1KOR8VB69Z4WZ69F2LFEQ7JYBM70NKIZNJCH9WJ1QWUTK556B97MIEN9BX1AX1CSQ5CIUA90968W8T89XVDUGN16PFCYR21Z1DVIEFSRQLEDX6BWT2EPTT4FZTGGPUHS9SI8HEQWM96WEHG3T5A7YUHKXPDF8UPLVK6DM7MM5LMQ0YPP08F2PWZCH03F0OJLD0AE21IWLFOOWY8YX2E7VRC2VGZAFRJPRK6IEH9UJ7BI6DBMBSP8Y8VDF6RDNINR65P9R0EFKF1B49GWBV60K7D75SBIE0TRH7UU9DDL23BJ556Z03K8C3COL0WQKGQXP2DAXCLEDE8DMCBJ38U00RLBBR8RWQXFDK42HHIVU1JO0OYGOLNSXOHSM25QSXLTMIGLO1CW4X72H3KQS8LYP81TOKIU3SV8FAEKQX1FZRBNUA0GPJYCUG2ZGM1I1LZ9XHQ4HAJM42MTVFNF22O5JP6M95MJKR7ADVKULBQ6I9ZJ6P5PUSSYTPRVC4SX461SOYPOAZ7JAM3WHTSHXVGC8P52ZDBYYNW08ZLAP2SFUH4RU3VIFXKU1K2Q2R8S88LJ1PFSNWRO3BVSJPUM3COLNOH0U2SBSYF122IMJ4NWCMTMQFG9WLFGVHC160LBHDTW64AKHAB6J37N44ASQX2ZM9HKU9LVSW181GDQDZG81TST29', 6.91, 33),
(78, 'single_choice', 'QG6WTZDTHYIE4AW4QFK3Y0MDEW4GRG08SI06LU0A90V95AZX18UU3LCRJ3ZXTFH0Y0A8A8QVDWNN73GQN9XLLFTNZ9LNBMGKZEIKJOVS1BJXCQENPDJ2RR3RVS3AKBTXKUG2U5DW0E7SJWQASTUA453ZYEJ7QDNP4HQBHDH4F43225CCQAW9YUCZ3XFGKD5IERDSQ7PR4JYOKUEZW5VL2HPTTW8VOQY3VX8PMBV0C2ICDZE5LVX5KM7I7JPT9VQGGMZ9MAT79NFEO3ZJWTIED504GKKRARV4JNAO6Z8V9I8QK8U11SE9WJN3GJWN4OQX644NIAUGS1O3SSU0WYRYOLGK5B2V1YYC8PTEIFYR8I3J0S94IYBC44YUNJRRI3TQJ8258HT410LFPN16D6NLNLVUOKN68C3RGMEADT02OVUMIDATRY7B1AN4ATDUYFABS2FFQS5QP9ZEW1KGMMPWLXXEWB4EZK9VYIKK51IUS30YV27GPEJVYZETEHHADXJR0DY0RSFGQDYGVHG1HS7FDXTCQE4HDKIJ7WKQYYYJGZM84NNP8DVRW7NH0VNWPHUU87D9EWM3I7NU615X2SXZHJ5SLITGY1GPY9CUIEVDT32J2VJAZZAPZKCQJLK8C719K6UR1Q9SQ1UR67UEOWGNW3W3VOCGGG2JUQVZCR6MQMW392IQXM1SBUPKBDLT88F6NIRCOQ4DIQBG70NQR41XECCMAONTLE85LODFX14SP0P0H0TPXALYZ7306CK6E11GZZ08ZN8V0DMJIHGUXDBV1OXGCFTFOYZ2H19DW4ZEJPGZ45YARQOE4OIC0D1US4TP3PFGR2IE1XLUJ', '0UJX0L3F2GZ1MBUER628YDCUPF8TN9C9F46LHD78AWOE17BM1JPAHSKIVH97G7MDXEC6Z3Y0LVI25F9ES4S8US49B4U7X4EEQJH0PU4WG7R8OYX34NTPJ78CTKFH3ACE5Y9UCOU2OHGX52HKO773979VRS3VCITZWY554YNVETFBOOVUI1Q8GU3M640M88FIWHT9GHI6E5718EWIWVSYLG1DZQTVXT8B49DAVH9STOIGLDXFMOPITRCNQ7D3MXQHXLJX8JYV76Z82BQR5X294UQNOT40OYWFMQ78NO6U7QF9CD7NNI9M1LEN5R824V8AFLOV2EJ3L355HK9NGV02URPGLN4SWNUXL77U6ZKLR1EVTKRRN1PK5F9G89YEXNUXOZIPJUBFL0W82XE3V7M3XICZC23HUNODC3MXDV38ZN02UETDZL9R3', 1.13112, 34),
(79, 'single_choice', '7LKH9ECFZQTEY9E2DCYOOI5RCQ4E0XFHB5NIHC0L0O05UHFMN1LEKRRPTSHIBIR28MO0P8XESJDS5XBVNI1C4JT8YWB5439JPV75W0NX6LH7I4ABOK2YNLVUCSI3RQK37DNVIAHKMU2SN5RICJ3ZPD4IMVF', 'DV43YJ1J2NHGCJ4PIKEVQQ2VIHQBH4HLI5B7ITMPOYLH5BHA20SPIS96D7NYAFND64J6PAAFQOXFXKUGTGX5SN7LCNTX2XLDSIBLISJ1LXVFKG1DG65WYGWX6K9VFRO2VQF4LCBAN29LQ9Z44KVJYD6AA25POK9XZYZ65WLSON2B75GDSJIE1H4WS7ERTRBN37AB2FU32XPPRWLP9VXGFTDAHXI3G0WE', 6.95171, 93),
(80, 'multiple_choice', 'QEMC8Q2N527I9H7FEKSL1QK1EJ57P3CB41E3SDF7AOSJDZS22HPG909LUGVLQP1D30LTYO1DVAOBO0L13WL2PN96DK0JZGR9MUEZY03PFM7GPFBKP4HE5NW33Q0DARFFK28P4YAABU2BQMJ5Z4L605WVXAUWF8MQ6I2I34ZYWRT3W7K7B1TR6JI411UIHI01447DJ0LQKKUPT8EOALRX7DAZSVKAJK3JNZRIWTHV0Z5PXJGJUD5YXBPYDN3LC9E96HD0352PH8PM1IYGYGCSBVUMW9XO9KNX7FC26100PKDGAFTME1O6TXVU7HDTDYKUKSKIR9K3CSAIS6LD7ASDYW2LU9GJ4EAECSPMU0Q7K4YQ3YDGIN0B7DFGFZ6D5MR1JMYWMXWS7XLOSGF4JPD2EGRTAO93OGBE45L7M957OGSD2JP41MC3QLE5RQY8MOQ9KGCTI4DB3ZS28N7EUY8JJ7OTND85PQFKXNMOCV59KR7J4FB37UFCSNFB8EW526BI8FIB7HGJ7K4660O5APTMC8LH20OZ5QOLB1UX73EX85E4TH2OPM8DZAS9F06ZAALAMEIYHWBKMOICU71S9W2WMW3EVQGVZW3YQX4ZFB5UK27YMD4GOS41T0UKHCMFU6B01TNS3RSY90KEUE2FAO95KACB3IDBEW2Q1Z4TLARDTSCCBN9QWS204U6QTOVUQI6LM0F1IG4B5ARZJNC77SF1QONP30I24REAU2MOHY3FRXZS3587BRIXQ1CVRMC6Z97DK4B4EASJQ01RRPBYRZJKERPMUNMRWZHK42FOPD6MPPMSQ', '0PRNFYE478I3B6GGRI52UKYDN00X57V8ZIH4GAJEK95DXYVTF39P3YYDRZHRMT4RKB3T0SJAB4NQMGBALORUZ1LC31CWNINMZLRBH2B4BWCGPVYD7FU1OMEIMORCO4RHA4KA571E8927RESMKQQYT6T1EZALSQS6Y3FIAC33AED3KXCQJ5K1W9TVZBO6471O20VHAVDUB2ZJ81CTNI1MTUIGVT2XDJ5PLVMK0EDEEAYQQCYXN4EMZ0SF6S6PRYZMGLS7PB1FW4NAVI3SP8O8J0K4AYZRSM83UGDHJJXY6GUEYVC2I9WZARO67KZTOW34D8GTSN5WLG2Q0XBQK922YX9XMD7F4ODHMA1STEZZ62RHYWTXFSIXT8HQ71HH83A7AX6OLCVX3C1WFSJYK44IV8WLXF9398401XV3CNO2BOC0MR3PBK8ICXVP066WA3UKLAOI8', 19.8739, 5),
(81, 'essay', 'KA5M2I8CRDLLCAQW03RZGSCC500N5I7RYQPQFO3FU6M0T5L3OPRBX2PHRC2PERCI17SYKAOIG5DDAW34CYB4MZ169ET9KJEXM6H25EP2HPBIJAMLBL2CVWIC8D6DXI1T2RZHD16NJ5R7MJ8RW63HQRH65YZW31VLN08ZYS44ZNMT0BVR3AES2E2J9UDQI5YQEVCEQK18BZEAZHNYUD8VBP6ACEZGKRXZTUPJL5CPGLOT6PVVRR8MEBNJ2QG3C7YQG35XKQCG6JPZJSXBRD1RMWIVM5RB5ANEE95BEATL1ID9VPHD4CEL5C4YY345EZ9SIR6RT5GU9B1HMVQKYYHCM8MS9RRALIMXMIMF7OC2SNVR7QGTDYF41NOMY0O7SUVGSFH1ZYRTPBMUV97YLXSG8DBK5PT0PVG6WKOPRMQS89XNHFUYTD7WMS98DD1ZX9DO1A9Y1GHQXA4JTG1X4D0N0AHHTRX8BIPW0JODC5ME3MH7ZY3ZW00P5TAVI8JSXB4AJZN4C5B0AUVSHJOBG473UYB2GTC0IWQG8NA2B72QW00P55JLVB9VF7BBF6R8TYN59WPN5A9V3OM704HSVEC9YCTGV5Z3VEQ48MVQXFFCQHAGII7PPVGF16Y5EZ6EGGLJ55GUG9X6QMFL5OAQB8G7B7O0IC6WX7KQEXMQH4Q8O32KB8K3XENEABB1L3CLVW9BEGB3X6L7GCJ7UBN5Q6ASQLHEDGPJBZX6V2VS0ZNY2IHGN4CSLMO6CUTUAD9L84KBYEUBIVWOULBU2YG2QQTBRH331DE7L8SDOLEJ1QPRE9NA5I6TR7L58H71330GY026IZXL5LHC47JZCKJN0NW0VR0LPLVNESX3A0PT9YI0QZ5DQ1LMZ24YKBJJI9H6AAOSPJ5P4H902016YC1OGVTID38S4M218VLEPY6AI6GIPGRN', 'EJF44HUIGNYX5VJRSKEVUK0BQ2HNIKFQA5E3J0C7SJT193JXDBODBA6JV8N8TSLAKR1UCPWKT2H4C6L5M64TO1AI1QU4Y5QO8FKN1G7150KQYCV8HSI90CUHR7EB807ICLRPSC11JCQCJ94E7M8V0WTGEWJNWASLERM33WHIVFH18MDEPKVHPEDNFPREP4EP4V41II8CCB80ASNOWJPJWG35ZHBC0FKCM9PUQRUXD3EZSLZD0G5RLTZIK3FCPH8Z9O5W87RI7OD9H7B5RRRN9C9LH5S6DYRTV1SAQ8YEWBWC8OG4D0VGBA3TEYP15243179PZU10RRU9TNIR6VM70W07VMZWJTUYSG15ZX2NSDYOOOI28XKHYA4VVYNP69P65IXFOOZVSM4NW2IMRHG9TX159CH9T4LFIVR5LJV4FSO5KT2V1SY5LPYX7WR7BVLHQX0FM0ZNA7D89RL8LA8BTXF708WPFQAL4V0EODFF5TQVJ2YFYUKC28J6DUFQSAZ1F0IPO0L49DZZM8T21NRJM6ZTFMNV45P90REWB258HAY147K9Y7OQCQLT0OAYME8ZPZ2VSQZXT042FMI5E82URCYU9QFX483VG7FOS49NF4WQX6FS2LR5914PSL5EN4MXS1JY3EKQS7PWQPLKLEX4FP7MKV4KRBJAN616PQJA7SJZ114LLT6PZPLRTI9YWBK26ON2HFSHPBZMNWU06MYH1WBMCT79DPKLGGH8ZEAFNOIX6N7DTVA6MTKSQ2KEVF2HN9VM1M4G7WCKT940JDK9NJQKXMLIDJU9Z43Z2D06YDCJ1HZ', 11.026, 50),
(82, 'essay', '3I1X5ZWZ38GLFM2AORGVSN5IP1KW9J0MJOF7VX3WCZORM9RN0HHK7LDEG0V9RVIV6BL8UE28DWLHF0EI107IB48GOKXTIDXAW0OH8PJ6EOUXRTVPKC6QI3UC55YMWKA7TERJYK9AQPNSRD4S9J1Z8IZN4L3O2', 'WKTK546ACQE7L19HJH1JON22M8RP62ZWDAIZRP6XUASSOQ2O2OAUCM6CC965BNUVZGBFTVPKERHGWW9G3ESSU4QFVA3OWMR7SQ6CINUVJQK38P5H9YOE4K2AY0Q5FPUFUAEQ83EQ1BR82CJEN7CI527ZOLHM50R1SYQ1W8BFEI8QFCPQ4ZL07EOJLZYVZHRLGKU1H0DYIT18KMWT7OFSZPFIZLQYX1FGSFEKYZQY7Z78D7P0XSVZF8C95IG1BK79RZ14FGLSCBWHJARFX58VY4MS3RLW5ZF96ZIV196VVU4DKUQO0J51IQVCST0E6G0AYEYP8DUW1NETX8X9QS2JTEXVV5WWG3Y7LBACWOQFOJ6UC7UKSGMDR7KYC9YBJTIXD703FKNB2D8FAO2FC3L5EGTUCLJ99883MUDYIJ2BF6EIZG9O858NLT61LJD3WU0HYMNJOV2W645LU1MD39D7SBNCQ5MVXTK7TOM7X106R2QM3OX37UH3JAV6ZUNIDWP9G9P6SPRG9DQKKX428LBZA867UEX7JFIULEGXTJJAMJUCZE13KNOMASJ5N3LGCB9B0MS4UOGOK9VEYMRV6CVJ06EBME02M1XEGOFGMNJEGDQWYT704H9XG27R61DOP8DCNSS4A4N60QIKPXJ5FERG41PV10BPTSYF4EGIIBJ03S03BQNRE5078XB22E4RDJX6AF29LO2L6EC7', 7.70694, 69),
(83, 'single_choice', 'GIVKES7VK8O8DWVU13I7QLTX0HHI65N9C1ONUHUSWZ5NZUUBFHDIV7S83Z1LE13VY3MBK4MAHNAY3HXZJ69BJLKTGA1D0DXA8SFY5T400AY52SOQ36KAXR8BRFOM9I33DYM4NXKT59PNDGTXEGZ7YJKXKKL56SYPZE8PE4L261QOG280738P2F0P02KV38IVMX5ATVI2ZXWVSC4FNBARG6LDCLY23U0JMO9BYS6YQYJ6Z2VP5BXY6JELCGLKGTS4DALDEZP6GK98TTURVBV7XNT57T9R5BKZGKOYGMXLKYZGEFKC5Y47XEO7O9WFQLS701AETWN8K9A9LWIVVY8MBG0GXVIFJJU7FBWMVU0F8B4WQVYRRRNWCNMQ4LRFARMGR2O2CRW4EE5AQRMCQ4KVWT7D41V10QZH42NKSS1TPPG3FVCR9W9DTLX7S0K4ZKZFL3C85Y0UX3CYQM71ZDGD17KLA0NTU7E60VO9QV0V2FTYP1SHPXMLP046Y0ZY0HVJROTM31OX33SPAK215VYE80FZCIWHTLILQWQPQSE4QDKGZFJPNCFM5VP4L9ZY92JFX609CAJYWM7KFH3AXFDLCZ8YWPFB6MY0VXFQNWQCCYHW5YXCMVYO1FTPCA1L2U1I009FUD08716X480SJZK4G2OAJI8HLDTMDXA7G651TY1ZE2KUEKFF9JNYSU9AP9LUN5GO1H0TNKJMFQCBKRO0ZCF5RRZS480J0KOUNR3KR4X79IJ9D2S46ZQFMXCGIXY6C4J7Z9EQHTAR4BYBODQA76JWZU7Z0VGLVDKG81CQZPWTX0N51H7GHY4RFBWFRUSJDQQ68NB9I8STDHPS9A2PILLACVYCPJFDIOWH6P0QQ8P2O1SHP7JDLSY3M3U8OFF784I6XILO5A9I3UZHM0NK2DLSDK7TQ1TRJTOGFID0RT53GFQT48CT8QR4XV9MSCNEPXVE7IDOEDM7CAHZJN66D04SUDXS7PRIEATKK7Y', 'T2QAWX80A7B4N7RJGD0DQDAKMKNWIK2D9EA86UR1MZ5VHKJBXM2PLKEQ0IR4ZLVHBTLAG79NX17YMA5R8ZAX9KYE4JAAWM0HP1TTV3YI8MER4SJS5QWTBY6NQRWDDSXNFA9HZ7DF1W5BIFI1BC2QDHTROVAD1AZZE5NSAIU2BLOAX8039M4ZGQIC8OS0RNBH6PI6I9G5Q97V6A9FTG4NSDZJLVDQE73DIU9V7NHNRK1K871FMVHTJE6LEI1BFH965VKSOQZR3R5OFQOERL8E75X5NXXLZ19HJ9QNSHKQ7BQQPJ8J4LP8RVJK36MM0M77239GCPURO7TD4LWAD6FXCDM5G9QB2ND0S32DDTB69STUY2TJHKO76VCAYO0NXL4DXXDAQEJQNE2HK0WNC5DES9SI1E2PJYSJLJ9TIMS71YL9KZ317Q8TB2JRKKVIE806GEKKOV4NZUOSOJFDTD7SLA0RQKW0SZBXKWXYA1GHTAB7564KNB3U7P2A028QD8MQ2R0GRB5JL4E3R33Q6BL3VWCJOY57TMKWPNYL4UAWZA1BXY1WXUGWYAG11UOM9VHUZS2NCGZFHBAOH43XAQKFQUL3UX9IKWYO42T8H6Z2YKNG9C1S2GX413VJDH6VL4M3PCPZN3WA0CPQLKXPGB2I0F5SS1ZFS8CF1AG6I5X0EBDGTRQ73LZBNLM12L3Y78C74LAYRB10PJ7S8WB43TTTEKHXCLIU5LVBC60H1TU1MHH26SBN42QHI8RIM3POQHD2V1G6LF4JYGYZTT4HGC1SC48DO94E8V2MH0LQ8T8NIGNAKSHYDHF8B1C3F8IHG1C792', 6.44888, 9),
(84, 'multiple_choice', '1FEEV9XDHB4Y1WFJ7QFCGOQ31UNLA2IFC2EH1CKSW8Y1158NHJCDGBUHD85ZLUTK9NMXF6ZULVA95D3BIH7VY4D7NINQPFNA4NPSNYCREUJHL5759ONQN50O7', '6N8A9WK53G2JQF6ZK2AZ5WYG8YS15HGR653E43S3N0PB7L8FP7BTKQWS4YPDIAFYEBBUE2UGP96YRLH8D3GBB6KM2X0GLGC1P6LU4WZIR9FWT58MIQYXCYJWV2AOSQTN0J2RZOM3W6P9MQCZQUOXQGT8106HDIH0QA9APEBV222FX638YXRKBSPUALWOBN17BD0Z9B5EL6X1DD3W6TE7O9O04ZF450X38M34JYT9D2WEGIMELB7FB6PQKP02GB8FZUE30DSHSUBCGND8EQN0GLOCPEF4XTSBH9NTVDLBTT0EJ91TFZLIWV490HTM4GZR72BBX6N65ZRQINHNAXK83GO44IT0HCRXXBO9PMADLSZG53GR039U9DIAT6PQRF64LMFGT9IL1FK3SS84EYX4VAY8U2YUT0KIO7UQ7VB1IN93BADPDLBK8CZCW6FR8KAYV6FPFB1ALBJQ6ALCNO5ATV2BYE7PI65UCVTALM1MMX3VHFP1N05KU1U9ABWZ9AQ6KIBW5OKH9JB12PUZBF0H87XI959RB2NHSMYCSH63OUV1MVC2LKJPRZFLVD3PBEDHDWIS6QRRIN9WZPWLXO5TZJUE5UHYMDU3J2LLO9X8PCNE51B91RZANADFZMLX3YMV6F4S947OJYGWO78CU2M6X7O6FSKT9IKXX5D5JW9H3CYFHDDZ6VDMQUAZSS2IU2D3V7HVINVBD10EY76LSDET887USX3LNTZTRX8CD1HJXHBXV06DH7UFUE477IHIABN31VBLLL4OIQ6XYYXXK294WMC9OF7OJ', 9.21917, 30),
(85, 'essay', 'PHMX1O54M2P0WMA2M8C1TP8YMJI533DITD4AJH9SS67YR8Z8YBJDDKX6WI785O6Z02BUN39XUNIZGHMGMGH5R48E2S2MY2XNY4BP9IR7LNXUIQV40HO2J27AETZH85EVZE0CFX7JDHCX3XRUB52MEGVPWGIH83X08ZU4B1551329FJSZY1U56UD2V9IN02HM5WEPOBYF54ZUZAFIBRNG020OXH8SWAE1SDC8FQ5KWEAQT4Q6LVWA1RQHN5TOK7Q35L5X0LRU83H2JE2L2QH2CEPXYB4VYNLMS8C9FDXPXX2273U4TJN5M6KMQREW9M39J61GR5TM6D6MALFB6WRS4BCOCL1H0F9B8CZ28Q8I6B9BNLR1VHC0GRDDTO6LYHBDZRP7LV1OLDSZC1BLEZJ6YLN0SQ09T7DV98OOO0RMRHD5JDHU264EUTLEV184ASYKNOC3D6GLC35KZTRUVMLLRYRIJ38LZ5VI2THJ7D0JG8O3Z88N02UESA6U5E2E6Q5UW86D705M2SV88GK0YXZOCP8IEICNQT697T7YV0FPQT6GUR4VSL7GFWY0T80CQ85RA961I678N6PH6CJTN4S6AN6MOAAXLXMUD6WOY1D2IPTC2G8QVUJENNJ22HSO5WX2ZNELEBUXRLW8MQK8TGK066X1TJQGEIRQPUMCN76C6V9UAZNFMIR7MBJXX891JY2Q', 'JTO71PSFSDGX9VYN52J8TKVYVKOP7U0EL2HUV8B0UPC27598HR643FG32WK7IH7Z675WRJ2KLSKMVRHS7UBP0NH6I1N3IEVUM076XW7Z0C3FH4VAFMRTVJA1U73MDMNV5FN7XXPE4ANN3S1EG41JBSGUKDVEFJRITLODGHART8UVLPJ9B4R8Z7Z5F8VQ9IYA0Y289CSVB6EG48WX62396CD36YFTMI2FNHRH2LM2V9QFIWN9JRSCB2FDCHAVHRWZS1TJVP3JNM1HUN8EGTFSSNQ8GFVO8VBASNMAF8ZN4ZY50F8UQMGTI6HNR7XHKBW58T642MJKNNPD23CKNGSQ0O001SERHWRRWD6583Z3APLO0DRSMN1F01YBCN6802XKI71PNPSY5W5584SHTSS9I918ODSOQZTZGBP1ZU60PJ63RY52QSSGFX0UBHG48EVR320JI1W705KK6RZZQRJ7AI7YUMPYSIYSRJ5XW8I45US57CHOAA9HYX26ED50CG8YXF8854NCERXAKKO2IE6C6JAESEK4F35A9A5CR71GFVUKDZGL1ILWCTL5GP2JZVCJ25MI4AGBW6SV3G3A3TJRI21358DTGH35ZTP47JJJ2V242IGCK0NKR7ZPW6D3TMDWD3F2SJK33WP9UAQ3LD4L11LT4Q9GI0H5T84PIEU6T3L6TQI1WODGR745F2SKD1VPQF9QL2B7K6X9PEME6I1RE4G2IHFWZNX19HNREF5ZWY4CXRHG690250OHORZZ5PIHCD7QCDCOF8XQP8R5YHJ2I9NSL828YO5IX9ALDO5O2NQGW8FHCWFZENBYMNXUX59Q0EZBVBOS2PXQY6N2PZLM1S', 12.8595, 23),
(86, 'single_choice', 'GN3PTWBPLQ0HWBOF1WUI3XC67IVQKZ1H6SBU7JMFIWXPL1LNZR3D1TWL9G3FLLJ3ZTT987QY2K0HOF2IZFYU9GV73708KVAJ3BMNOQ2YOQE0JTZ3OSV4GKHLIGSR1EUG1IG73U57VKD1CW0YNW08P9JMUT14WVDHY9G7G01ZDCEE3EV02BWLVVNLVUT1YPLM3K9XZXRTMIBS8NBNNIUMTH3WR8VDIHU76MQ8N8KPXFJC2Y2N9CDWZNYF6GE2IUZZM7NKBRIUJUF20R1OMC4VO0MW3JYYM921Y225081HWJGXAOFDOG9ONKFKYW82V6ZLJRVABFJKB20BBOKPWOWT58L60RHAW27IY0EXC2YSYVDAB5MD64ATSHD647BTK0NCR6ACPVJSK2FH3B2YKW5F0Y4CGVK0AS7W8K7O6T8YA6IX8VOV6TI9UK0LG62V4AOU6TUEBLDYSUIH81MXBTI5IHODZ12A2ED100UCMZEFWWGGGHOKFFKY1ONHA6L0EK8KGXUS6H3IHSYAOXY403UZBIG7T4F31VJH1JR1Y993NMJM7E5GQF8PAQEDYY6CEV4HZXDIJOJCOFYRVL0UJ8KQZSOIWM81ZTHLX7A7OZFVCKSDQZ00068EVLFVJRSRBONJAR28DZ5GB76IIGC28IB9RI3BZZOFMQACVA0PYNH4APFYE8FL4MYY59MZWON7DCI8MY3E73DT2BAG0XG0CZOY5MU9TV0LLDFL49T58N639Y95FURJUDDEL7CRWARMJULXFZOR33RXW0GKG7G927E6BJ4DL18C4DM9QQX05JFNXK6CJAR2ZR52T5SIAYL3MXGOW36XVSTQ3JL4K7MG8IU849WP1H037IAAWUUBS4C4I7KMP18N4KBUA2KXMY5QH3ER4SPMUIMKQ1NIIV76S9GP5ME0NLOVRU4OU9SSM07ZDQW1I7I9929OOR2AHM54EOJUW1DX1YP6OGDH6EUKZANRL5PKQ36JPHGD4FNMC2', 'XX9J6HMVRSZJJNYI1DGXA6SD5QEVB7CUGBUA1EG7IFBWT4THAOQ6TRK5GOV5W3ST25RHND4AXFP19W1WY5H8FKUJVJ072RMPH7MG9OPMD6X94G0A49JL3PGMC3H2TEEPL0HD3F3XKZFF34HJVKFYRSPFX73KCURL5ETVRZOW0J4W6WJIFJ4GF0B6IPDY6N7VLXZH9ZTWIOJ5NIU0MZT9X964M7XHBA105L548WT25SO1F4AH9QXNBKNP3W84VNA9H5J6O17AB7XHE4B7HEPX7LUIEYMQW6HIZBNSWQCVJV4NY77KN5UMNZXHMGLFLIRWHX842JZM1TS1RDV46U09MVCKHD1IG8RHE0QV45PHJT6RYL2PWYD39A5V81P32JNLGM2YS73MBQOHDI40HLUIRBFLZQPI5QPJ3D7CU6AVMWHIEDXTLEK0V79C8K2Y5FB41BKX00MYMRQ38DMLQTQC0DZ86BX0AVXKMQFAY03R6OOF2QLQPGHBXWVK3ZH7F2PUPAML6MHUE1X3G1G91ZJZPPE9JNPN8KF9QT54QQX8I5N0XN9LT5X0R50C89QNOIJ3ME2FV12Y1DFO33WKXSNYVVL2BW7MI5DB8XIECAF17172LX432PZXZ7MXB7GGCVEF1U9FJIOIJ2WLZ4O6HZCKFPXEWXDIKKOCP29954NMLKZMWM0SMKFIMA3GFL74COK4G6IPSCY5I7ZBBAADWW27RGELNJQDDOEP63QTM0L9DOO3S8NNS4SPGWRF04QT2A1POV3ZBIAXWR843I8MNB8QHXYH0P55VL3DIV7B1G09MCB5TUO4G5DABO4CDONGW2JB308ZAL88LT7SSF474F7PDOD73RV0L3YJZIG4KT7ZTN8GKOCGC88QVSH3ZM6NRY6VRKYN9WSXSECRQZQAHFCEGO', 2.05484, 48),
(87, 'single_choice', 'R1WMEY8T5OJLTHK8GSIKOSPGZEH5VI370ZU90Q5DCR5MCJ4PBAHHSPBRABJ2UP07Y4D8I3DYAECR6EOXA7EWIBS8VP7RUDQHBKTQ6KN9AFS8TB68BEMJ0JDDAWA0IYV3I4THPTWICQ9U6F035TL8LEHR45183FO2QBQK8YJEASXU2RWCKMPD018E3S7KXYB830EWTT7QGG1P5L2QHYQ34HTL375CT3XIMZWXQESI3ZK1P4TKNXXGN0SXPP6JV2MC7PV8HE9WA3VLW26T2RE4Z16N72ILNRB378YYN3NBDETRM9QL3ZN5YFZHNO6NETM52XZYXUOD83YTSWRHJVLKSX01QMUH93AHE3GOLJOIRXTSFPDYS8TDQ6UU2TLU3QM9MK1QR0Z61GF9BY8FTA219O5NXKNNBNS54ZGJ5UCAW96XM6FNV9U6EW9EL8V6DA5NZE4F66ZMYIFJ48N2LFSSIP62ZN2GQP0QME643F1NSWFNET3EYZLYAAVGI1YY0C15A76KF3M5M7XHOFRFFB1CTGAKRFCTYB9ZA6Y76L6W01AYGL2KHQQ9U830CW6ZA2SQZ7SBOUEEM5EO77I38Z40A1CPT29RSLCQXGP52R8OGYGVXRIS3LVFTC72354KWP0MRNVE1XPVO4U8GRW9XQXGRHH7N6YE10YLWV5DHSN9WFE6NZIC5BXF8ZVWBXXCU5PPTDNC5ZBY8LO6HGDTY3T991UU0WIJNDHNK2N16BM2JQ63EL2YB7RZQKWAFRE23387YY20CCAX1JX5MGO6W2NH1ZMWF9RTIJ5DE9J65HXS0K8G5HW816CBD7IP1U90SLZCCDWPT4XMXQATO6KV4L2OBSE26WYL0OYX0MYK3NVM6V5VBM2TUSXVDYL047597KG2P9OZVJW12A33H9OR7Z3SBK0JE86UN0CB5KWNO1AZ2X9IDNTBTJ2T1YHZGFT7D8RM7CRNAYPSZT', 'J21VTE9O3HHPKJNUF5ACDPM8E0QONA7P3AR8HAB405GLJ9W8AEIEROHV67B4HJEQUI1PIKW2VFLZU361GSOISWH1SR10PHLOJTXX9CYW7SD5WAUW35KAD81O6ZKCAFP28B6O1F5PAJ90T3BKZ2881GC2WH410XETNSHO86057F6CSYGN0C282HS725ODQCVW7YK3Z5L8T4CVSQT57TJKEAAHN9L1UZCMDBEX5POKO9V703502WDBRD4KXK5Z83TTQRNCTFTZ3YR5N5ZB3PG1J0A9Q7LQNC11U8SZ5O22BTKL1LESKXTS0BSH274706DBO3WBXIC3ZU4TLK83LQVANZHNB5J31RUPFUNNCXXNOJIIGM43AHHACLP5K9044PM4PVS74CMBUWLTLKSJ66WR6LNE9STYDEAKWLRUFAKG0QUIEG3ENMS79R2PREHDI7EQ1FNHCTPZ2M9TB6PC39B1L24B763BATAUNCF51ARBXJQNFBNY', 3.48737, 15),
(88, 'single_choice', 'HWG8IIFLEW6CRILVKK77WB2VOBAB9KDUSZYA1OXYEIXNWZJBMR30Y1TKCLBMQV4YKB4O5KB5GTULX215ZUJTAH4SI5Q8D5K7UW6OG7XN49IH8F9SKJ3D7VK90HHF83QP141QRXOMFAGN7MLQCR4TMJWQDAVG3HV47H4IFX45L1W763KZKAPIAODTFJPTPSPN4233DJFRQ2DZM5L3FA0ZHOZU82MFFDXFYA8QA23K40SAD6X9J9OENNV6AOBE7MSCDIZ0ET8AIPXYWN1OLJDFBK1Z6T74TDOYBZG28XGBRAHC0F1NL0NIKB8E50S4UWACR192YWWA2GIV1PKFKSM7F36TEPFV0NHGZW5TRTDEMI95R62SPPATPJEGIVQOBULXT855KGBQZOH91FKHE47F2GCJGF0VCSRORX63L8DZ9TZMWYYYFL53TYVJHVQ63IQEF471CBGLNLLCWZVWTRRTSR867DVXUO71AUMEP5H0INSNSLXXQ1LOOM81GZRBBC77BV7GG5WJ2UX5PYJ6RK0N0AH1KKY60AGEA9I8WHD8GI7B57KKYACK6BPQEKLLADNHU3A7IHVHZNUGHKOA5UAXG68MEP4JFEA9FMAFD4XF2T9J7N54QBOW8QW64U0M3DMELB430DESJHSNZV79U1F9NZ2S5G22T1CZFACBOXPX9CA0QGEDVHHWNRTFEGM13NF85A1ZOKQPLG18RNR51L0QDTUQISCZIGP7NX2ASICO6U7NC4BR43W9XLN50JIP7Q664P2FK152647JU31T3J43SSPBBNNDZC4HDFE8ARVTTQKYCWSFT0CZO2HWTZE2VTN4YTD5W4A4IJZ30UOVTNHTXN81WR10BFKIWXEMFI8PGK5Y5GA0Y1F1B525RPHF', 'MCWGTQTL417X8F6ZONEDTQWCTYIUGC9X7X2PIKDL1S9IQ5YMVU6YGLQG01H1FPF56YSNEO0UPRP44S6EM9A4WGL7DBUM0WSOP95PVI18U8YX3TI6ET61XXH4V96Q643EAIK7PX9XW8BL2DZONVUFQLZASCLSIMILUA5PV7F8ZGSLGQ0VACRPWT9GMFQM887ALEZPATRAFV8EO2A50MYEGBTIW47SXFS82KMSYFK5B7BS9CHQYHR9LJTNEXO1JQQUFI1MQ2DU3Z106LEOPWLMTHVI8YWF2KQ6WFF04EDLVX7KLUR47Z1KI11293CT6A0D82RYLX7JH865MK1VEH7L7QA8GMSC9X1CQMCAEVGOOEYLYEWAL221KCEELA93THKADD8J0G44HKWYJUQBQR1GLVYF5KL25MMN5SBDF3P1JR5JF11EL8KAJI2R6ABS88J6BMGUAYXS9LRHTPYTC5E10OE8MGA8OQMQEOOFUMVXSS0EXJ7RTR6GQRQ0ZFJ31ZHLY545W3BONADTMJD22Z29XGN8FFPRFMU3YU0T5KERX6IYEUTZ0U6G0A3FM9X6OKCR87YLK00DGIR4S3YWS89062TZEXQN3E5IF', 9.15401, 72),
(89, 'single_choice', 'F2Y4WK0FTV0RKED5WTQXKLJ7GTT2L6ST4BQ72RP95ZMG86DMPO9JV8XTOUJ0SZOU7X7BSBTB1XTLK44EGYGX2J3ROIW2GU4QR3K69LO0XKOEYUNRV6ZYDFJ3MIPM1DI60TYR9RQBRAUNT9EVW941NDFWOUEUZDRZWCB4KQDUWO1OH9DBP4O9PAF4LJUJSDYJ3IJYVFNBKIWOW3W346KGI6WJW7IHUWCRIOUIL5SFD3V81FVDMRH92PSKXWEGWEFY4UF6RZ1F8439C47GKS1IMWXC0W7VCFC5BNJMF17V888L8GI0BJN32H5ZKG5EKNDUXVN9XZ4LCIB1ASYVPAHIPXAM33N2PWINC99L1DC179JNF759QDJQB3ZUGN6GXFTHIJ7NIA0ODQ0YSRX86737KOIRH05HZQCVRS9QWTDS2MYU1KKV5IJSJ0SJ801OEUS79GATSFKM74LYWI5IJYAWBKWXCWU2TWLRTK40WCTU2DMT73MP93WK9QZC3AU3WQ6BAVKYI8LDQCLA9O08S1KFEBO5AT7IYIPYF2B9N2HV8RTIGKC68XPDPJI727TKORZA7W9KQBJFX0O13Z5TFMJRJXTPI71KEB8QM3IAA3JBXL2Z6ATT75I00Y7ALLSS59B3O8S6VMN0XNKUFMY6U1WAY1SNUZ11R8D7HZWI8Y81ZZ7', '1DQNLLFFX4TVHYPZXYHSKF63Z94D0ZTW48G1P91UA00N01H3PU3QV7I61MKUEJ6ERVRQ05JAOI6ZVBUNI1EYNMQHXKUHU3U8J788OQ571M1LEDH5Y4WPJ4S96PR87JQ0XF8UEW1LPIBGX5RQA8OFEWQLJCWEOA78CNY7Q0ITM3X3FJD7M8R84T0PEEEKNXWLPPZTLGKPOXVBQEDLMCGNM66X805QFOCREPPF15995U8E52OIQ57O3QPN10GGF5JP19FQ0V7MTWPF5WI2UNKAXP4ILFFRYYGHDMGP1ATLY36GL7GJJ2HJ3X40HI2RR3FRJUZJJANN30EOPAAGR73X9CS5B9IJK6LBTVENE6Y5XT522J1OX0ZA55YVNVIFTPX04WFVOOEMVVTLZNEHISSUQCOH3KWDT6E68DQPKWCL0MLZ3VMPWWNV1I8C11ZZROQ3KNXUV1U7Z9T3OO4F4GZ5VV7G7DDJAADIXUGR24NKRDJ5VUQO0LNFR8AWQ', 2.59022, 1),
(90, 'single_choice', 'XZ89HJVBM1N19EZDZ4LCP4SLO9IW8CYD1D7D9M62OTRTSCVENO175HFT0NZ5ZXPQ6ZZKLNWLB2BX0NXC6D4AJACC1RF0MJS78GJM4O0IL', 'VNPTBT2J68BMG8SQBCMKZHASKJLC1QOSY86W9T0WHELRZK88YUP2DODSGDBMG9LA8BFNB4TFV1SB6V3XVGZP7T9FCFP5AS78C9Y6FZUWTPAOS4TGYO86W6R0ZTFN8B182Q2N8I3IU1R8J3ZT3DYWVV2WKNC314DUIMJ62CL4OX9PZNC5UOL4W1A3LCW5L430URDLN1TICICCHO3CON0WH1U1MLZSRHH3FMH7QRLW89HCHQRRON063CPSBYLKV03KFJ96LG9MDA3C2CAHZAXLWSN2RI016X4DPM3SAJJ0Z6ZE1GP63EJOOOVUPUNPK3XIY54RGUQKFDG2AAXCCRDDXZVB7QUGKAB4RDK1CLHXS0XM4HAPTF11LXNT3YN7', 4.31257, 44),
(91, 'multiple_choice', 'XXP26L647O8FYUS8PSKWL8G5N5X9O7MFJ2GNJYHGMERIHULCCEOYS2QL5EN8FVNW32VECCIQGCYER6O7ZW5P1ALLK5M87KCH7AHH0U37MGBLDEJ29LI0MO9Y6T5AXOOY2EQQJ0TBF7UHROXOX03BMR9A4M7LL0YGXMAZ5MDWSIC6H82IHE6NNNJUPDMNUQGJUNJQO0J60UZM417PXQAS3VA7NXUYQPB4RWPJ1YJ1FUJFF8LGKGDOFF6VW6G29QPIZOIM7WPX3E8QUG7HG5SRNP90Y1IJQ81XNEJD9SK4RRUMQETLOFVQRMJWM40ZGFRPQLBE2L48LHJ00KVGFOAC0HW0DR2BXNPJR1X2X7BCDXFDDX71DCUZ2MWF01WEXLMQOX93VB1TYC2Q1Z3CPTGRPVY6HQZ9J0BLKA0QO9V1IEWMVJ0DDW17FI9PPYEI0YYBQCAJKUD1U5NI4QDZTVH3O110HV1DVEL34WQ1MPE2GAO9C56UVSUYZ79F3QNDTXGSUKQY7EUDX7G2514NBP280T6KN5YMFLDFHVUI3RXJWW2OESLTQI2HYRUDINXFP82ZSM86YFML46WQGC21RNK93ZPBXLL8ZHILCTLPVSCBV40P2Y31L2DLQAJLCM2ONME99QB4FV41BCKZHOBS7H2IWVWBFUPAPSOCDRDRGFV8GQPKTNBQDA955F4FWCHI8RG9S9UMV0A7O7WH3A1GC2ROT3E17M3W8WD2CWAD38BDP8SGQCDCIEJB40N8GWLLFIZB7LYZUMM8XAJXYBNXR9AGAF904L7UFDGWXVN5W2SFS4YR6G6TIRDM6FTYRHQAOESK2CVJM7VR3G9T2O6A290V3UCNS3663TRDZ5PEFIXYTQ7EZJFT2CBVCRRLL9YR4VC6E0N64FPUII', 'JQSQT9YXJ4WY5BPYJY0P8RAXZT3HE3OPZGHVKRDY9WVQ2VV29AK0WRR2XRCIY7FPD9P2M5PCEKNQ1RZJAX96AGW4OAKR0HR01GPCI3VLF16F4IYW7TOM34X1DDJEABKC6C4J5GIKQMCZZOPO99CRDZZ1AL89MQAEQ432MW9MK3TERPDIIYLLIU6VZV7807NWVGI91TB8ERQIRIE7GDVF6TD4BYEA366JIRAREPBD0CZPBD3UF024A0BODYQY0ZP2YMSZCGV3XBEOZENPQXI9YHW4PPWC6P75UB9X5DHXTMGYP352ULM7RI1KF11FZAQ9IOSKQJB57S8GFP1ZOPOPD0IV4LSMC8YHCYHI1OQ842GFQ7RQOD9D91NX7ED7FE9BEGI416C9U1NDWS9JEKWQTVDLJ9IBM58G5BZMOKCRX2RHOGEF07IU5RSOE2Y7FEZ8GNRJB41EQ0OSJMK1DQO33Z7RVSPJATTUAA02Z0FIPBROEW5MWVLRX95IFJYTA9GFEJUWHBWLQAUG847WC8A9JHO9R7F0TAQB2EU5K38ILFNCLSFEXTOL9P6ZOEI53SGDNEC6QBOFMK1VPQ4EHPUPIOCGW7ZVSJWZPJMP18N40OX711QC41AK4D4S1Z5XVMHSJT7I06GD5UB67K6V82JXN5SC98JH6L3DKR47BC9E4SLNYO718JV2RS8VEL77WXUJAGDVMY4EMEVMTOWL7X8CKWISISFE0GUHF7RS1UPA165YN5P9G1YRNL1L8QFQI4ECVJHL0LV1EALRC534CFCKTNH9BRTUB2RNXBSEMRD37295RJCSQJ1JW7NOTUA0Q8EF9TWDNN812XVMR87YIRJ9E', 6.24968, 87);
INSERT INTO `Question` (`ID`, `type`, `text`, `answer`, `point`, `creator_ID`) VALUES
(92, 'single_choice', 'MV27L9AY4KAEH5OCBFR1U4R6EI8406AJ47JHUVXPLQC0FWCF37J6X0I8UORTLU1KE0VCEYTK89OFEQGSON2SDMU2JXBKAKTRKF6KXDAZ9XZD6K0QRFGC5AL5BA7LMVRQPIBZXU8L4G5K1VUU6XHNAJKDDSCLI8RIS16XL0NFALGFQC2Y2N0RZ3R0N5ARKL9UB06AKARI5GJIPO5JLFMYPPXCCJU2IGQJB5QWGYZZ9J2JS6UF1YQV9DWWFXWJKD8KEKYFUVF0KGJNZQKTPMB4Y7UZZB9T55HJO0KKZ9LOK3KOOZAJZEXFLMXO6C75FAG238FQZAW4WRAOZBZ8S34N3MQNOKOHMNB3RFMELH8A099LFI7T7RBX5SKIWGALWEH5QVFXLMHIKK1QGQDBDVCHYYI0GLVSC64HPS14DAK36GFY4XO5HP6IFGTXNHGL9EG5VL8E6SULJQW4C0SOJK77SIJ1KIJ9PZ9HGXJHP32OLX3IXNXHNXZVGIQD2TXPF44TOAHQYYTK85JKLR3BZSHPV2SYYEIDIA23CUTB1X3IZAZTG0KIPUCLZ55SXK46N2SIIKLYB3L6KAI8XLMHP8CGTXHT947F6Z0BA27S0HT1X6LAGX4Q0DSEBBJ382XKZGVKZBPF6W8YE5N94K04UNDPZ743AFPOC24KB07POBFCM6O1MG9S2G1ZTKUQREHJDGP5NVCN8D6GEXXBYTNTTP8NB3CL6VEDHXM1Y1C85L1U20U3VCEX2ACP6286AGFX023OKTDHHSS808EPCU5G90PE4SAE6FX2RDKMM6XURZDCB3K0GGYACQ0ZF01LWFGQVAVEKP1ZUSUXL5WILOF3MDR60XEKSSC5W22LV97EKWRLMH66W7M3V1WDL9N5AB5JXOCSVLTH67ULP20FZ1T1EK450T5L3XZEXYB0TI2QZ9SFJG5RU25YYD2Q1MA6', '0LI1FGYD2WUGNIUFQMN5TGMS1ODCTXG7F5781PWUF2G7AWDK8HUAYT269AMTL9H1RWHMNJUTMD327PYNRUIZG9ZM5Q4EGMQMDZUZ9U3T1EO4OI01Z1SB74UCNJQ5071TBYM999S1PXY4VVBJ7KRJ3JGYSBDXV63CT2T7RMNYRLVYIUG27QC3COWAVZB4GV2EXR09PC80DM75M3YN3SPRGM1TT0L5YBOKT8Z1E6AH5IOP0ZQPWUTOKNGSP34OGPVKPUVO5OAPVQSR76VGUPSYWDRDAFYL9TFAUU61F8A5GY6TTE6I8ZPXVPYL1YSP6Z4KO1IPQV0PUIBSDKZQXNR3PLAUBQIK7AY4VKIZ3ZQ8D8NEQFV63EMGIHR85A7EIDQ5I86XDOAP4QBWYEAJK6GR4N1IEK8CZVVY7Y4YASXE1UKXWFB13T7EGYLCKYMWZMYOGVLPZP7', 10.6985, 22),
(93, 'single_choice', 'T7BUGDMT02I4R2AC30RCLOSXXSZ6058JN69YPRD8F59OVNEVSDIKGZ73PBN5ITVV0ANUZ1NRUDTVTM2B05VSEARG3MHCMMBKL6TS5TAX1L0XEDDQA7VKN6VBP6SP56RMO8KTGV7Y7ZEX2IEWZ69SNSPOCW4K0ZA1EA1N3V8K3JHIN535EM33SQ9JCBKYVRU8QKC4UYXY4CJKZS407M6OJKF8ZMVHCUCBV805FSJOSM2HKR0RMDLKJBJ4KJNH11IOIDYI9ODO4BVIKL2MBZ5EBTXGTTP3AS1EF7CR3B6ABBXVKE93W2OK98XG0OXV7PN9WSEML1R8ZD587JGJQ5Q9A6Y8QSWYCS299CNEHEIXOBJF91Z5JAHY1SB8345ZMFCC9UWNKG37RUD3PAWC7APBWB57GSJ406TL5QS4W87S9D1DM2U1MYLIQHMFOZSB40DMDOWH9KOI5U6XMPNLEJ80GO3RL5SVZVAMD8B1Y7VJ6ZA206VKA5R5QQ3Q4DGOI4MBPWCH3E1UYHMRGEVK0INWKRE5TSJNBFIL23A5DLLS2VRU5RN3ZYS0EYF1G7XUPG4M0JSY0HA87L39TESR6SBH9P6MOWW6HANH4YOG9299HOX5UCBEK9L6GJ00SKB1FLX3D8LYMCQOKJXIU19K1UNTAUIH7EJP81J7RQAH06REEA4JTNT', 'TGQAOD3T5PX4SX7BH5Z1M3CYPAPW3F84CP7CF63B06SG15NEF3NW8WVMOH5QJ46DBTILPZR2QXKVZZ9SGPXL7NLQ7MGT9412LX18NGLC6MV2V7Z2UNYL78UDP0T8DHA7D8NUJPXXZSO9CRCFKJPU6ZMPJHT2QXK7EUVU1YC91DYLR6S0VKWQIOFMEQTJKODMC63D0ZIPKB1EN1N7TR4S24FRTV286X0ITEME2WVGZBSG722KSCU4ODE33XHD48O9GI7LUIR53KOZF5PS8FV290E70U33QAS7BHOTYUXN6YPTH80WUGJ0VB97V6VSZX2L5RDCR416RXDKCS87OTOHJ9EXS', 16.1107, 78),
(94, 'single_choice', 'VMTDU4RJY909WLX3MNU4E18L86CSJJ8M4H1BYVW98O2KLH9NJBJ23JXVMQZ13WZJICQ0470LWFLT3T4V0HM0F2VOTLMXQ43OL3ZNMSI4VYA35HEWWD0JIX1D0MLU8GPZYIGOUQUVJU6Y4CKEDEKODFL7XN25VLNP468G7T046ONJG1PMOJWD090U29AXO8VYNIV7P7CTJ1561BX4ITU5LGBYAO2X6QSGF8KHA175FEQD4YT9K8487ZJK3W41BM8O1LL16ZHCZCTJE35PMTYKVT8OARZLDTXYE2YY1DERVCIORIRQ997IUJC9UJHSFK1JLSLU2X1SEH7ZSU4T83J61BGZQTFXKN8YOA4IJVVFQJXEEEGVVLSAOUL0NU22IC45J75I55LERA7HG7T', '585QJX0UPAU9CGHGZIK9V254YWB0JTSPGOOP9TZYQQEIL8XF9XIYL55CCBDKT3GFWTJISTMHPHLOMTK8TEJ0ZG828ST0B7ZES2PLKVNU57LO8P1U1F882WD3FLSTS1HJ3S6VE3ZK7DXLSOM558T3DVJOERFNZEZ8XOMG93JJ2BMZNGT724JQF0FMPW11WNTVA4WFIMRUGK209952UR1H0F9P3R2CH9W8LP87MUHT4EFDV0FEQSRZJBPKRKGJOM6NX1ZNQBKIPD1NI5KDSF7X8HSSR4MIQLQCOL6PV05JP9TKJ5O1YWEPS1XP3ZCK9ITRNL8LV7O6IULMRNWUU895T4MG80S329YBNTPGF2DHUPTBLWB1JPICKJBULLA2GBGI1EDQ3GEH243NLX002OLJ27VU5ZU2V6WH7O086DMVSXAHYS2PHSGDRGBRG5MTXPWTX3LKX9YV6F5YPW263FZ33NKY0IY5D8XG7JIUBKZDRVUDGTXFRETOYY4N0131GTSF6U39PFSQUTTPBZR9DIW2OS313JVRSI0QY5L68J7C8DNNYWTEQFC987LCESEDP7T02AO2VJX0FFTGVAG39NZWZVCK4R6JLBRPMPW2OO20YW8IWX04TRK3R397F2TPAYO7XJ9IGZ8U6U12DFNQI74C0G3B63V4ALKJBF8P9TKKPMDMM5SFJP6P2174PNTCKKS1C9RMDBOFNS74FSLS8HI', 19.0382, 26),
(95, 'multiple_choice', 'Y94OUKLQEOPG6LFR97O87LQCFNC1C1PHLS614OD9A7TEOMT4OZOWSSTT0Y94XNG8IHKX6C5ML8K81YG4V8H6LIZESMU4AO2ILKRHUBW1XEQJNFXT43OCV15I7U3MEG2JORNNZEL58U7M0ADQ0TNPFIODETV4MZ5UKLCBG8VZJCEFAHE1I6SM6ZQ197ZJA7BMI96CDQ6RE9IJTGYW361N69Y4IIYWIDRKM8BCRS4S3HK2FG88LIRKX7UDGTGZ8JYTY4VRZ64AUDU4V02UR4ZT8TJKO1IUZ6NECKH4HX3F3NR4FUJELGONOTW03M2LMJ0FZ233SA6OBMA7AJV5M2X9VMBYNWOC83AZ3SDRC5Y265PQ0D0C76AV2MJY6VS447TAQN00ZS484VGD4N3LGLVLLJBDDU3WIME96DLHGO1XRZ7OPYMUOK50F3115CECXY89SN17YJLE7J0ZHF5EZH2KMP2A1BURVIJ5FVKTM6YV2KXN8NT00AUUVQMS3IGDMBNZS57AYRC42DFNIVLUSRHKZGB1QCU0K4HG6F2GINGSN524X5K1WBMAP6D24A49FRNUKU78OJ7P02J8PV5SX6QV8WTIW96FVZ6WE6IKG3IHK4EDXKA2AD0X7484SJSBOO47BNZWEYZOLB8LPBNXO728XNGMXFLFI5POJHQBSQV9VLZ6HIZE05X4JBCXASD2LHNMOXQXW1LYNQKTJFBCD8E6BQIIFHE4YQSL75DOVDZW2KZFDNUESLZNZM5EW6IXLO6LZIKVYZA96K1QLSCF091JEKAHZ29CZ', 'NEBJ4N0E3OCXQNDB4TCYV8LDJYWRJKZQJ5847N6XBW6H9C8ALEGW4MWGNL0LBE65QPG70ALEK1S69FOE810V70ZNH8XHEROQIFKJHXG6WOKVEZUTRQWCZBQB5HD070VZPJ6BTAWNVXBACNXZUPNSRJ69ORWW6J37FLULDC3U', 14.8993, 63),
(96, 'multiple_choice', 'J0TPPJSNURX9JZUKVD9NX1K6M27NWZHTHKA17V9TU5BVCS14U96GKVTZLFKTHZ0QZX1SEC986GGK15LTI9EH1W8XWHLGQ07ITHLCHSDXKB89IL3GD70U9PV4TY8UZ19MGLM4XXJN2ACR8ZJKISP69QNF6DLKSNP1R6KY3TPVS11CUMGDOU8Y92B7XAUHEKRGBZL6UU1XJKL4S8E3EOLG2MJ5UHWMHP3M2OG1INZ3ZC9EVYR6FMZHCV08IA16EXZP2S02CH226AX5B1D2IYRAUCABQBOHRONQ802BI0670EWMVJ3LFTDLYLQ3JBP9KIN0VFTSIZFKPVRNZ15VA0J9F42AY9C7KNHNN6EGQNPR1H4GMXNGWD7YJ04SMKV6261', '5SECBIEJ81SKI19UYR6EEA7PFBVC9FPWAPN6QS6287D2676Y4LWHX936GSFHV8VMK3QNW8W2XMY0G3JW6IQG1GU56THAAV71EZK4ZHSWNZ9TM5L55YMOF907P4L3U07QXW5MH9KIS7M7VOB2HBKON6SOJ0XK8KGDAXZJ4GUSTQ8US22NN85MX6HNQACG75O2K4VZDU6T9XOGA68H08VLFFG7Z4YYY9KJHRLDKG424I1KXO49JZDTKBV2DJT0SQYL5MMFKJL465HLR3VUM471VQJ0XXWT9OQFAJD6O0T0K5H09OBYLNQ412ZAD7N6U9X0LAN5U4916N83GVGWL06Z655RR4Y97ASL027CN3K84BN312JGRKCGUQLVDBYDMM3ALG6XX6FPUC344NOAKLZA6BZ3OQ8QBP5NADIYGPWR7U9HRQ38FLEAIKDXYI6EZ9GEGZVAIFUMZOG4IQEKPH8FHXFVMJYTX68KHOQBXCLNKCRN0P98YPJ3RQG6DKJZS133WSUFK2OI8DJOKX5C5NTQCSMG8F6GF283OOKCQTC13Z7JBD4V8IINT2F6KJ7U8JIAUQYPE1I7FDZ682HOD9A6E5LLLX3M0NB5E6SBZVUYJ9RF31IKPLLFCWCI5FP8434068LVGQLHHRWYA364W0AY6Q54BYMLBUA7HXBFN4O7W95V32EMT02RHTO0MVOOV7XN45X5RNDHS5464BSX48K2WE6C866KCOFU9VJVBT7MD3XHL3KKGSIET76QKV0153UUZ2XDUPZHKUIETINET8EHB2ICASA7OJYU24WCFY8T50AHMOA56A40O6SCCAH2JUUUDC1P0L6N8EKWN4UK5HVIZ4TXHZ', 6.99585, 25),
(97, 'multiple_choice', 'J6ZPPARA2BC1C48VDQ7ZI0QTQ1QSPCOS8882IJ348DCAIWQN7N5AZJRXYF6310P2IMMMD9MN6EMFYI7KDSRQT8F12WYXHIDULWF965KP0IV34Q353JZOJ9TONBM1QGS0Z9ZNXNF6YFI9QP1A2LFBBDMG1HSD0DBD4AMTD944BFHG3S598S9R61AMA1MH0P3EO0Z4ZJCD09JNOCQ6SVJWH1Q9O6VYO5K6KVUPZMQ8RHGWYUC6KRI9F1BS6P5FRXRY816N5ZDDYNWS3L5LTFKYMFPO9Y2YOM5JL4R6TZNS3Y8L3VSS60IMVGLAUEYUS', '284ZLV13EMU3A6O1GYRLSZC43EHBGLQHYRHLQFLVLYQRGYUXN9HWM8Q4EUWOLUM997XZEPRRLKNKPKFDS1C75O95HNLYP75M4F47S5C1VIDI16NMH4J7B26MCA3EM1X9ZPJGWS2FXAP21A2YT9K9HOHAOX9N9I32QO9V3U0690CSV2RLLIL8YT2MC6008GJBXQTQS52RLUIHZRP0JG43DQT4USB2V1Y4LKZTGXMD73N00PDDVUS08KZPWRUR0H16P3T430N55ZQKZLBQT5SOGOATDD99N8NO9HLL3NAOLHSJVANSY8L9GMSLNK6GHXK4SQ5IV2UWDLPPW89ID707R1O9NRVEKY5HDRZMQK6LJZF8UVYQ8ZYTG1JJL56MNHAHWMAPLWHY1UAJNVWVQ6670OK5TOBH0GP8TTVHM4LC2SJ12X7BSSPKAJ3BZN31D0A8WUNMHBKSB6ZMKUCJXL2UJQASTJZVT3VHZ08EX1D7ARLXSQDNB6B138RFE1PNMBMAIDLJDKT9ORS6WH6VXYUVWUQJXY2PC525OBZ005NI57USI73FULDETZVIZC5XDFO1YM2H', 6.58852, 13),
(98, 'single_choice', 'M9I6RMPM8W9TG13SGSBVGPEECX8WF8KJRX4R75YKJVNJATQAC5DHG23VGJXVVTRYZDXB1RZFIO71SKA8TEJQBLEJJI6AM46LAZSKPHWIODQK0MEEBEUMRQETE387F3JDESGQ1E9SRD0MH1LBMX', 'OOZAQY4IV7KQCEY9DLRRLQANCTK91RZ28Z12E42A9X1QRO9Q7G83URG5E0BG7W6TB8W0ZL7MGRUOE83LXEBF86DFNNE73Y2HDM01JQZEOLU6L325LR6F53IEP9KH9DCBBRYYXMZ0HCSQJ7MGQLTHXPM2TKLGZO18ZN1I3ANVLL76GKW23ADBMBBJ0ATRC2JHQEN0KSSWK3FUWLGHBCKE4QDNS', 5.10553, 66),
(99, 'single_choice', '9VTCTGHKSG92TNU8NOAGBQYG1ZZCZ1VL78GO3XNOUGOP5OCDVIVONZP0NS84Z2U3MLLF7MGFA2HIQ473KXYO7ED9X7UN5TEI1I647YT3QZI4XKWY2AVVGJFRK5YVZTX1CT56R9R5S96N95XIZ6DU1EB1P42GK4F776LG8FTNN1QHBD9QCR42ZC0KLUSNUGH2D865SGW0MG8OHS0MGTGVGI7JL8NW4K5K6HYVT7XOMW6437OQLSS5TSS0OADZ4V7264DR6SQ6RZGCBHNGBRGQA2CQ2VG0I3PAJJ7ZZBLJVEGHBB022Z0XWX86AUBPGDWQDTBSE1RKEWZKG4SZG2APSOLR0IISBUSUQH2VXKXT8ZNO657HNOQK2UMYGAV6Y062XQU3H0HNTVJJKZ8KHYH9UVBAAXPH04484G1E3VHTZJUJQG07EQK300SK4C5HKHYVBGQB6I1O79TG9HRUSFJXEE7AYXF22TFVIBU7HV9Y371X2327AU3Q28LMJY8DDFNFW696WSGXJJKIR6H1H4C7O77ZJGR837PWUVAVS3WUMVHDPS6ZCYYHGYZ54G4JFP8QZRWG4K5WW6OETYIZPAMNX3SRPG4ABRJV9SWX7GGZ06W0UBG8NUDNR6NKPC1YFLY4F6DJJQD9BVDDJNOCBDNM77QFPIHL8FFJZZMMCEQPMNBID7N2EMWIATE25SZWJBVE4O00ZA0POIZKAQXM2WZXCASX0MGHDBVREY6Y0FC0OITHHGU3O3EWLYME03O1TN05345AAFTQK4QXWVN39VQ32430UKW176QWM12VPEM6MGJ0LC9CCZCUTOUFR7PK9BQEW1BQ0XIMK7D6LROD9XMQSWDTTZJK38E6SS4MTQXNBVF8IPHRV8Q29L5DJRRAN1UH', 'BYYKF4VDTJF4RRW6G9JILTIIDN35KWLOIJU4HUVP0IJFHVYEKM19BHUJ2F264HSOKO8AULQQ6NSIPOHE3C', 15.0901, 36),
(100, 'multiple_choice', 'UWF1BO3AHSGHR6GBOT7AZO9ZBPXT58EF6IGFGUI1AC14AKOWS5K25FM3LR92NJFU4UX3U2E32BXKLCJC9H0NSFSD4L3M2PUK8UM0DSIOKT2E3SYKZTV9LVM8PKCE5AZQ2937YHR01XX08TD6QQGOJD8307BRZ8VCIH2CYQYQJXIMTZ4FVWUASHBY7AO1K8UB4XSMNA0LD9WX61CFSP5BE9QM3FV1XHW4DWVB26RDXMS1LCIX4464TOR8QZYKGNJ6CMDFN8RVA9L91IB29BHI36IWZ68QLFGEGU1903C4P16ISDYOK2J2Q2JS83RWWSRPW8FQQ9LCV76PDCYDBPMOMGSAFZPMHNVPPVOU3WJI21PTUXHST3IFQN7YWZWJF7OLI2VEZQ5L3DRX8EJ8WEYY2DRXZL01BGP78ANNVXY3RQB37US0SKVOROCJIYE1REZPKQ5NW2XYHOLONOQU9P8KLXSP8BPZUKZ0VBWMY35H74Q7MQXPERBAU4S7PSQFP6MOUX6W4IAWOXU1P5NMXCHN90AXZRISTNKJEWTZ0EUP6RMP62DR9FFO9X3MUAYISGZ578SEDF1YJ8NPI7HAKDMPS5VXMPOYZVEVQAVV54PS3XVU1SNFSCMRAD3F5OK4WGGKZKYPUHW9FZCSPG0QWAHQPRW0LW07RO7AVSDDDXTBI16IYVOFYBU9FOPTP9WVWAG8HSAQOOHTZX731TMBQFMG8S8GPBWJCMRXM5RDMJSXISODZ489V6JXOX00KWAQE8TOJ14ZW6EHAKHZHWOSE094Y30XEC9XAVAM8QF2GKVOO10BGAB8MH5DMERII73SJO37GKXZA6VONTE2Y6E50QCE6LS5VYS9SNV8NMR07FGVPJ68TY7EN4YIKC65V5VVYHGVDZHCWQ8GKSSI', 'R9Q9R7UE1O8AM6NT9GVFPQU0Y5XUVO54MH9WJL7LQHB20VKJD4661G7ETDOYIRUV7VKHTRDZU3FDT6NU1K6UZGL7F6RBKNYNNC9PJ0WGKWLJ5290SQD6AUJ1H6IE8K4V41SR6GX1UQG00VJGIPCOY5KKAJHW2O13X8JMH573NWZ10U7GIQWMHMXZQ6PH6WRU7YIS4OLRNXWCKQBCWGCOB6M56B9LV9A67ED3ARXB7KN9E1EJ1ONOVG36M0Y2TWTMCNYA7AWQTKQK3AU9AI13O75JXISCEQDSJNPFKW62JVT0ZRN23YV61FTHJLT96BCRTTV7HLIWHWYTMU33L5Q9MSMM7B4BBV1INMHI4V67RDU0X9355KLHEWR4YKRL4IKXHBTVQEBL4N79DWL4B37QBRFLR8U682FO1EMMJ7C18S5JMKX38ZD02ADMKK9NL1UWV22ZUMJTEA16I172V2908JAYLR92SHM846IGMUZ6SK09MEDV2RKWEL2QLMO7CV2B3W3WM3ME9ZSZP095TD00C5MJEBNBA57X65GQNJEHUCBYJW0W9AKRSTBRHOH62602NIXAZJW1IU3CAB3UNJ2JCSRA7VANXVK046W9IB5493QL6S3A766J9N8H35NICSTA5D6Y564YJQW3K7LWLH9LP1FKRL75MN5YNEJQIY28GXAJ52AKXTWECB2KOKU9KES0FU3LEPMVFLLK59TFUL', 2.37764, 82);

-- --------------------------------------------------------

--
-- Table structure for table `QuestionAttempt`
--

CREATE TABLE `QuestionAttempt` (
  `ID` int(11) NOT NULL,
  `point` float DEFAULT NULL,
  `question_ID` int(11) DEFAULT NULL,
  `responder_ID` int(11) DEFAULT NULL
) ENGINE=InnoDB DEFAULT CHARSET=utf8mb4;

--
-- Dumping data for table `QuestionAttempt`
--

INSERT INTO `QuestionAttempt` (`ID`, `point`, `question_ID`, `responder_ID`) VALUES
(1, 13.8384, 59, 20),
(2, 15.0742, 9, 80),
(3, 8.09916, 53, 73),
(4, 7.87129, 100, 24),
(5, 8.81141, 85, 32),
(6, 10.5452, 95, 19),
(7, 5.16412, 31, 25),
(8, 19.1132, 70, 46),
(9, 16.1873, 35, 47),
(10, 17.763, 76, 74),
(11, 4.89616, 88, 77),
(12, 9.70276, 96, 82),
(13, 1.64322, 88, 68),
(14, 19.6208, 77, 79),
(15, 7.9749, 82, 15),
(16, 11.8448, 87, 4),
(17, 4.12035, 45, 73),
(18, 17.5195, 54, 8),
(19, 2.80135, 64, 89),
(20, 14.3337, 88, 88),
(21, 15.8642, 30, 79),
(22, 18.3326, 13, 53),
(23, 17.6007, 93, 43),
(24, 7.18218, 56, 13),
(25, 17.3418, 74, 41),
(26, 5.24194, 34, 19),
(27, 2.52667, 95, 42),
(28, 17.5988, 53, 45),
(29, 13.7103, 48, 97),
(30, 5.44838, 22, 64),
(31, 16.6316, 7, 36),
(32, 3.20924, 64, 77),
(33, 3.79256, 32, 23),
(34, 6.4348, 42, 49),
(35, 6.53381, 44, 20),
(36, 5.09896, 23, 83),
(37, 7.00406, 76, 81),
(38, 10.27, 85, 72),
(39, 10.5116, 56, 66),
(40, 18.2394, 39, 36),
(41, 10.9123, 6, 73),
(42, 8.83956, 69, 27),
(43, 14.2699, 71, 8),
(44, 14.4564, 35, 27),
(45, 10.7425, 33, 44),
(46, 4.37433, 85, 1),
(47, 15.6073, 1, 44),
(48, 18.4688, 21, 55),
(49, 2.29398, 24, 77),
(50, 4.1555, 2, 72),
(51, 8.5091, 96, 62),
(52, 11.1875, 25, 57),
(53, 2.80407, 70, 73),
(54, 6.50073, 81, 54),
(55, 14.0299, 43, 100),
(56, 4.67621, 31, 53),
(57, 3.03063, 28, 47),
(58, 11.3952, 7, 97),
(59, 8.10112, 66, 96),
(60, 8.75561, 36, 55),
(61, 19.7414, 84, 35),
(62, 0.584362, 2, 57),
(63, 17.7766, 2, 19),
(64, 7.37758, 4, 67),
(65, 7.64102, 68, 58),
(66, 19.9493, 54, 30),
(67, 12.9764, 73, 55),
(68, 17.4371, 27, 44),
(69, 10.7891, 96, 87),
(70, 19.6573, 19, 7),
(71, 15.7981, 66, 9),
(72, 5.35399, 20, 46),
(73, 5.61939, 19, 69),
(74, 12.9155, 42, 6),
(75, 19.8134, 7, 75),
(76, 12.7435, 55, 10),
(77, 11.5575, 28, 3),
(78, 4.56831, 74, 41),
(79, 16.2157, 30, 64),
(80, 6.18451, 87, 28),
(81, 0.723562, 95, 27),
(82, 13.6146, 93, 44),
(83, 3.37645, 1, 51),
(84, 10.5631, 48, 29),
(85, 2.27335, 74, 89),
(86, 0.00214593, 84, 40),
(87, 7.62165, 77, 41),
(88, 11.5215, 24, 43),
(89, 14.4397, 63, 33),
(90, 4.17073, 49, 50),
(91, 4.02416, 52, 45),
(92, 16.2082, 57, 82),
(93, 16.7452, 80, 76),
(94, 11.6343, 95, 62),
(95, 14.6995, 44, 59),
(96, 16.752, 86, 52),
(97, 18.5876, 8, 71),
(98, 12.2962, 43, 36),
(99, 6.7941, 28, 63),
(100, 11.697, 79, 36);

-- --------------------------------------------------------

--
-- Table structure for table `Responder`
--

CREATE TABLE `Responder` (
  `ID` int(11) NOT NULL,
  `user_name` varchar(100) NOT NULL,
  `password` varchar(20) NOT NULL,
  `creator_ID` int(11) DEFAULT NULL
) ENGINE=InnoDB DEFAULT CHARSET=utf8mb4;

--
-- Dumping data for table `Responder`
--

INSERT INTO `Responder` (`ID`, `user_name`, `password`, `creator_ID`) VALUES
(1, '9FSGM', 'JJLBE', 60),
(2, '01KEH', 'KC2KZ', 66),
(3, 'N8KCF', 'SEIVL', 99),
(4, 'G6SRD', 'DES30', 35),
(5, 'GYQZY', 'XWKTZ', 78),
(6, 'CFXAD', 'E2ZVT', 56),
(7, '2ME62', '6ZBMR', 63),
(8, 'SB5A7', '0OA2T', 78),
(9, 'A8QB4', '66C1V', 59),
(10, 'AQU7H', 'UV0C0', 91),
(11, 'I5RK3', 'HSZRS', 10),
(12, '6RXB4', '88QL7', 47),
(13, 'D9LYN', 'SLRKW', 46),
(14, 'NAMU7', '6RABF', 100),
(15, 'LFFK1', '9J8VB', 65),
(16, 'Z7UW2', 'IQUHJ', 46),
(17, 'B98LA', 'SCBXV', 96),
(18, 'XKDP4', 'FRVAB', 14),
(19, 'H8BZ3', '1BOCJ', 73),
(20, '3OIX3', '1KM4A', 97),
(21, 'Q09VJ', 'DY164', 2),
(22, 'SAO9E', '2SLOE', 70),
(23, '3OPNZ', '9ZCSH', 39),
(24, 'ULD5T', 'GNHE7', 66),
(25, 'VBJ1I', 'JBUGF', 77),
(26, 'CVV4H', 'V0I5H', 37),
(27, 'BB25X', 'MEQBU', 12),
(28, 'S7QFW', 'M34FO', 63),
(29, 'ZEEPM', 'FDLTC', 91),
(30, 'FP4OW', 'XV0CG', 66),
(31, 'B7DVY', 'NL4DE', 92),
(32, '35SSQ', '9G234', 36),
(33, 'HU5NG', 'UCZ49', 71),
(34, 'TVXRE', 'K3NGF', 75),
(35, 'EOF8Q', 'GEMNR', 70),
(36, 'YD7HC', 'B80HX', 10),
(37, 'JAS9S', '6I2QB', 88),
(38, 'Z8HHR', 'ZX5FT', 46),
(39, 'F86JD', 'R3GWS', 25),
(40, 'PXMDF', 'HCI8G', 6),
(41, '38OXQ', 'F7MSS', 65),
(42, '0G9Z4', 'X62QE', 47),
(43, 'QK6XP', 'S03PA', 99),
(44, 'RKVWX', 'VLNV8', 22),
(45, '5N1X2', 'UV5NJ', 53),
(46, 'LU3E2', '09648', 63),
(47, 'TNU6S', 'ZGTL6', 59),
(48, '0J64A', '7W6V6', 52),
(49, 'RYGNZ', 'S0RF8', 8),
(50, '9SP0K', 'K1AFL', 10),
(51, 'B1M8K', '8GW9N', 6),
(52, '6DHSI', 'M64TW', 10),
(53, 'LFSSQ', 'WFMG5', 78),
(54, 'MS221', 'LIYBO', 81),
(55, 'K0TGJ', '49WVP', 41),
(56, '5ZVBL', 'PFN20', 95),
(57, 'C7YSV', '79EI3', 14),
(58, 'QDGXQ', 'HM41I', 3),
(59, '9M24U', 'BC8HR', 60),
(60, 'B3XVZ', '5S8ID', 26),
(61, 'XTHRI', 'OIK5F', 14),
(62, 'WPDIX', 'JO9FX', 13),
(63, 'F46U9', 'GMT3P', 25),
(64, 'T43TS', '1D4KE', 77),
(65, 'S2D0E', '6FP4D', 32),
(66, 'VHJ2L', '60CVH', 73),
(67, 'X0OF4', 'NUNYF', 14),
(68, 'VJ3GG', 'Y2OBA', 42),
(69, 'CPX9Y', 'PABH2', 5),
(70, 'N3XWK', 'AN8O6', 12),
(71, 'A3VNV', '5XSYO', 68),
(72, '4RHQD', 'XSC1B', 10),
(73, 'U66PP', '2XS46', 76),
(74, '91TDD', 'R0XRL', 55),
(75, 'S6WXA', 'KL3TH', 79),
(76, '34S15', 'USZ14', 39),
(77, 'WDQ6A', '9D0E9', 26),
(78, '5XHEV', 'AB5G0', 73),
(79, 'PH2WN', 'CS0VQ', 36),
(80, 'FTLKO', 'LUPZU', 16),
(81, '1NIM2', '9HZZW', 44),
(82, '9JZTZ', 'I45LJ', 49),
(83, 'VSQY9', 'FVQG1', 49),
(84, 'TP247', 'BAXK6', 37),
(85, 'R0WIU', 'CETMF', 97),
(86, '2SIAI', 'CAI01', 59),
(87, 'HHLQQ', 'FH14H', 47),
(88, 'FHL1I', '6MRGK', 67),
(89, 'EP8N4', 'OKJSG', 5),
(90, 'NB9Y6', 'AVNC8', 29),
(91, 'GONN0', '29VFI', 3),
(92, 'VPPIW', 'A1TI7', 10),
(93, 'VPIS7', '0X344', 8),
(94, 'NUXOL', 'J3UZ9', 84),
(95, '6P7MI', 'TQJXV', 71),
(96, 'EPQU7', 'MEUQY', 85),
(97, 'JL04R', '2KQ1X', 49),
(98, 'X5LYM', '9WQXC', 86),
(99, '4JKBG', 'XQSTF', 65),
(100, 'AGD8W', 'HADMI', 20);

-- --------------------------------------------------------

--
-- Table structure for table `Support`
--

CREATE TABLE `Support` (
  `ID` int(11) NOT NULL,
  `full_name` varchar(150) NOT NULL,
  `national_ID` varchar(10) NOT NULL,
  `salary` int(11) DEFAULT 0,
  `creator_ID` int(11) DEFAULT NULL
) ENGINE=InnoDB DEFAULT CHARSET=utf8mb4;

--
-- Dumping data for table `Support`
--

INSERT INTO `Support` (`ID`, `full_name`, `national_ID`, `salary`, `creator_ID`) VALUES
(1, '81M1X', '4773808030', 555451, 18),
(2, '2L8Y5', '9513152602', 68246, 81),
(3, 'PMO6V', '2027253426', 4787, 15),
(4, 'JBWJV', '4442572726', 2071574, 69),
(5, '4RZ1N', '6426162206', 7156, 24),
(6, 'S5BLB', '5648959729', 979, 13),
(7, 'U9UDW', '5493411689', 739, 32),
(8, 'KJT82', '7862167597', 13626, 50),
(9, 'CDS73', '8663367563', 782, 69),
(10, 'UTW10', '8943152026', 318, 62),
(11, '81HQN', '2541924938', 47308, 15),
(12, 'LHMIS', '6148738883', 21678, 17),
(13, '6XG2B', '2128994285', 832270, 97),
(14, '9JIYF', '0688422906', 248, 27),
(15, 'J7R0X', '3056124737', 8017368, 58),
(16, 'SX2FF', '2937239709', 148, 19),
(17, 'OGVTH', '3977231577', 829289, 3),
(18, 'XOB4F', '3460303252', 84097, 78),
(19, '8J4A4', '3918751522', 807, 97),
(20, 'F2OGL', '5163448054', 454881, 35),
(21, '137DT', '7009381025', 778, 82),
(22, 'CTK3A', '8834417558', 43770, 64),
(23, 'S7HGR', '6380257698', 602863, 71),
(24, 'HFYZN', '0867932486', 8828842, 57),
(25, 'JGGWE', '9308030551', 2176, 44),
(26, '7N93Z', '2228552088', 5469, 96),
(27, 'SIBUY', '9185115031', 1590549, 17),
(28, 'GYLLF', '4090095182', 4981365, 27),
(29, 'GFM42', '2799514432', 40422, 12),
(30, 'W8P09', '9121364139', 26262, 91),
(31, 'S1JG4', '1263932173', 1987437, 53),
(32, 'M9SGR', '5881339149', 8374, 45),
(33, 'QLXPE', '0174938203', 816, 79),
(34, 'J9FTS', '4633500759', 34659, 47),
(35, 'FJE6C', '3380464842', 66455, 51),
(36, 'X3EQ0', '5945341265', 1899469, 68),
(37, 'P3CJ5', '9734302894', 7861075, 83),
(38, '5P8LS', '9248621787', 21782, 17),
(39, 'DEBWM', '1498626122', 91600, 74),
(40, 'SUOCS', '1353724352', 9927343, 74),
(41, '78S33', '8017383656', 896, 44),
(42, '5L4WI', '9769306897', 45797, 16),
(43, '9BRPB', '1852503799', 3602, 64),
(44, '1BBAN', '4661115932', 889709, 7),
(45, '9EM8A', '3415693504', 2818, 21),
(46, 'TL9HS', '7770635799', 337303, 40),
(47, '4X14H', '9031563336', 1713, 10),
(48, 'WFPYB', '8717725955', 5214396, 37),
(49, '1X38F', '0726544473', 76890, 82),
(50, 'DYN7L', '9563197976', 854, 1),
(51, 'ZZM2X', '2890164607', 7664661, 28),
(52, 'CCNNY', '5925181112', 1545893, 92),
(53, 'M4IH1', '0353335302', 48353, 52),
(54, '0IA6R', '9073480646', 328, 61),
(55, 'CH40F', '3609047729', 5281, 21),
(56, 'F4733', '3564473596', 795, 65),
(57, 'T9ITO', '5113585877', 2022, 20),
(58, 'PK72X', '1631231504', 28, 76),
(59, 'PI360', '1162744258', 9517, 22),
(60, '9XLGD', '4530615250', 721, 42),
(61, '2ELCF', '3324491149', 24398, 3),
(62, 'L1672', '0520657635', 519, 56),
(63, '1Z80E', '9840341692', 525297, 93),
(64, 'HSCZ5', '9890778565', 263, 11),
(65, 'IQIWW', '1623158292', 1967, 37),
(66, 'MCAJX', '6550952036', 6694, 40),
(67, 'NHWEM', '0443385834', 657349, 31),
(68, 'AB4NA', '8645423342', 56660, 80),
(69, '33HWU', '8942107627', 15768, 89),
(70, '0T848', '6623014473', 29058, 23),
(71, '1SNLR', '1813308180', 52584, 10),
(72, 'TZ28R', '6807850553', 2531532, 36),
(73, '8NMIK', '5831510025', 8810, 55),
(74, 'EMTDG', '0746655358', 5734993, 47),
(75, 'XXBIT', '8315870539', 57062, 51),
(76, 'GKIBF', '9462885793', 1181015, 30),
(77, '6ASJS', '7308510584', 491, 44),
(78, 'NNLE3', '8003374267', 52, 16),
(79, '7I8HM', '3386979029', 2751772, 76),
(80, '2XFUZ', '4858376329', 590, 46),
(81, 'P4OC1', '7130687429', 702959, 7),
(82, 'KA3NP', '2504561815', 41874, 58),
(83, 'ZSQ1V', '4820559262', 672, 98),
(84, 'ZA3QR', '1224875888', 31925, 75),
(85, 'UVB4R', '2800036262', 852, 29),
(86, 'GETDN', '8286752510', 46, 75),
(87, 'SUPHM', '0678388417', 9195793, 59),
(88, 'PBO4K', '5365749985', 15167, 48),
(89, '04RLK', '4737846036', 896543, 91),
(90, 'LCKLK', '6509499567', 510, 63),
(91, 'N24A5', '8829816017', 892, 75),
(92, 'MES1E', '0507371909', 5186363, 56),
(93, '234HY', '6347741746', 290324, 6),
(94, 'AHDVK', '7101744420', 125680, 50),
(95, 'GER3H', '8028983927', 754, 11),
(96, 'JFKO5', '4106061780', 405, 76),
(97, '3YH9H', '5435616371', 552, 30),
(98, 'ODSAP', '8511710916', 682, 31),
(99, 'D0KVH', '5860550839', 1271922, 86),
(100, '22VDM', '3588322977', 9147494, 34);

-- --------------------------------------------------------

--
-- Table structure for table `Tech`
--

CREATE TABLE `Tech` (
  `ID` int(11) NOT NULL,
  `full_name` varchar(150) NOT NULL,
  `national_ID` varchar(10) NOT NULL,
  `salary` int(11) DEFAULT 0,
  `creator_ID` int(11) DEFAULT NULL
) ENGINE=InnoDB DEFAULT CHARSET=utf8mb4;

--
-- Dumping data for table `Tech`
--

INSERT INTO `Tech` (`ID`, `full_name`, `national_ID`, `salary`, `creator_ID`) VALUES
(1, 'TU8EP', '6249724030', 423, 62),
(2, 'NJ25W', '8268528928', 262093, 75),
(3, '6RNCJ', '0937539233', 496, 63),
(4, 'HDYT6', '7182019437', 7786, 56),
(5, 'F7QXD', '3477887590', 99, 26),
(6, 'QT8IT', '1299859935', 783278, 77),
(7, '5L8VT', '8657541076', 9548, 64),
(8, 'BR1L5', '3186305570', 44825, 67),
(9, '8NHBU', '8006443140', 397224, 27),
(10, '03T59', '6522896848', 636, 40),
(11, '2WU5Z', '2243539790', 67971, 28),
(12, 'R6PMK', '1538783256', 82623, 54),
(13, '78NEQ', '4179276651', 7457101, 56),
(14, 'DV6TM', '2598903605', 432, 42),
(15, 'AQZ0G', '1645923994', 7467488, 10),
(16, 'GXH8C', '7253377162', 2937, 44),
(17, '2AQYN', '4411671608', 3656, 52),
(18, '7VN5K', '5357715782', 91059, 93),
(19, 'SASYY', '0793406243', 469852, 100),
(20, 'U3MA1', '6179710530', 61933, 96),
(21, '80VY1', '4419220807', 13147, 23),
(22, 'IUB57', '3559712963', 892, 32),
(23, '4Z3R6', '3102167967', 791, 32),
(24, 'AGFXP', '4755933082', 88, 25),
(25, '0XXMJ', '2657150848', 915796, 45),
(26, 'BYCON', '0231838355', 2470243, 74),
(27, 'KK5K5', '1780174571', 993472, 20),
(28, 'JFB80', '9204117462', 686303, 76),
(29, 'B5U3E', '5651586658', 310584, 91),
(30, '6S50Y', '5300161434', 80754, 67),
(31, '5E7L4', '3972129335', 3852, 31),
(32, 'DMCUA', '4061010671', 873, 80),
(33, 'PRO7B', '5265134482', 301867, 34),
(34, '1P5AC', '0628230893', 163, 20),
(35, 'AIJG6', '0481839608', 842729, 18),
(36, 'IWMTW', '0716097674', 416, 79),
(37, 'C9VIP', '5047568805', 506, 88),
(38, '2Z76D', '5847559788', 80294, 84),
(39, '0QLM1', '3361226518', 474727, 79),
(40, 'MRZOX', '3167258538', 97603, 98),
(41, '51HV5', '4414357736', 369579, 5),
(42, 'MWUUQ', '5776628371', 30845, 8),
(43, 'ORT4X', '0146594958', 448729, 67),
(44, 'KTZ4V', '0024757934', 56044, 7),
(45, 'G2VIK', '6660984628', 1519790, 82),
(46, '00QIA', '5226438550', 188200, 65),
(47, 'Y75MZ', '5771537500', 7991, 45),
(48, 'UPO44', '4796604708', 290819, 44),
(49, 'HHHI2', '8273273694', 9557992, 58),
(50, '8I63L', '4128995404', 104814, 16),
(51, 'QW646', '7815289666', 45423, 41),
(52, 'ABQUF', '9157659814', 4480436, 58),
(53, 'GZQRS', '8452775120', 191450, 29),
(54, 'XOUSB', '4668427684', 83384, 96),
(55, '5LCOX', '3370395854', 489578, 25),
(56, 'U6VKO', '3839584941', 284555, 10),
(57, '7R7BP', '0495059459', 911, 8),
(58, 'I2UEK', '2612637568', 68457, 24),
(59, 'OFWGF', '9840029115', 2264518, 27),
(60, 'X4MT5', '0064951414', 9060781, 73),
(61, 'LGNZO', '9177158665', 8067505, 71),
(62, 'V27W0', '0552047740', 1414, 6),
(63, '2MUW6', '2571758385', 901, 48),
(64, 'PBPV2', '1643223093', 78595, 25),
(65, 'X74B5', '3084996448', 38701, 89),
(66, 'P0XF1', '3563419875', 8475365, 2),
(67, 'S6USI', '4530833391', 541, 62),
(68, 'R4P1F', '6226502316', 8241280, 49),
(69, 'DLJEH', '2875673652', 9516, 93),
(70, 'XE1AP', '7279280911', 85378, 45),
(71, '9M1GG', '7353268911', 5978512, 8),
(72, 'DDCLZ', '2802976192', 4068186, 45),
(73, '91EUB', '3147913922', 483513, 7),
(74, 'QZ6ID', '8450246133', 862232, 70),
(75, 'WXOHO', '9373348561', 6485383, 90),
(76, '2KV7Y', '0390272314', 480188, 89),
(77, 'XLZHT', '2770276608', 1937, 64),
(78, 'TD29N', '3707117347', 9155, 9),
(79, 'GQT8Y', '9411452796', 744157, 76),
(80, 'S5OUB', '9657722526', 89, 31),
(81, '9TTAV', '1778344261', 567453, 37),
(82, 'I48UO', '6890244394', 57627, 18),
(83, 'K3LNA', '6808065402', 8520266, 86),
(84, 'IS5FW', '2122703543', 1532, 59),
(85, 'T1037', '7492224064', 804580, 20),
(86, 'KASZ4', '7679511518', 90472, 14),
(87, 'ZVPPZ', '6795367458', 3007110, 50),
(88, 'OK143', '0827305647', 348539, 81),
(89, '3F2RY', '2938192244', 3227, 51),
(90, '0MB6A', '8376591217', 72064, 35),
(91, 'L80QF', '5959772008', 580805, 44),
(92, 'UUF7I', '8872893244', 46155, 84),
(93, 'QIHQV', '8120916228', 5711, 20),
(94, 'HARFJ', '5691411518', 6191, 50),
(95, 'FV18P', '4952853047', 436, 17),
(96, '49QE2', '6890329471', 944, 12),
(97, 'PIOLD', '9409585199', 2389, 27),
(98, 'BV0GT', '3524562344', 209222, 51),
(99, 'CDX5Z', '6425241597', 9506, 21),
(100, 'CVTZZ', '2878845480', 107249, 84);

-- --------------------------------------------------------

--
-- Table structure for table `Test`
--

CREATE TABLE `Test` (
  `ID` int(11) NOT NULL,
  `name` varchar(100) NOT NULL,
  `course_ID` int(11) DEFAULT NULL
) ENGINE=InnoDB DEFAULT CHARSET=utf8mb4;

--
-- Dumping data for table `Test`
--

INSERT INTO `Test` (`ID`, `name`, `course_ID`) VALUES
(1, '5UF22', 84),
(2, 'FOVHQ', 58),
(3, 'PURIP', 89),
(4, 'AMYLD', 9),
(5, 'L1LTW', 1),
(6, 'YB0WX', 29),
(7, 'G39N2', 49),
(8, 'HYSRH', 49),
(9, 'TJB9S', 71),
(10, 'U9TVI', 36),
(11, '3OXHB', 41),
(12, 'I8FYN', 10),
(13, 'TEXDW', 24),
(14, 'KJYX3', 54),
(15, 'KK3BQ', 35),
(16, '3FZM6', 66),
(17, '8UW6B', 90),
(18, 'ML5LJ', 53),
(19, 'FH58C', 28),
(20, 'R4ZIU', 41),
(21, 'RZGTG', 42),
(22, '61RP2', 78),
(23, 'ZYU0C', 27),
(24, 'QPSMN', 72),
(25, '48SNK', 43),
(26, 'ENHWD', 43),
(27, 'EEGOG', 8),
(28, 'TXSXH', 31),
(29, 'Q49X3', 43),
(30, '96EGW', 43),
(31, 'H0H0V', 100),
(32, '9GXED', 35),
(33, 'WA824', 75),
(34, 'B6T80', 33),
(35, 'E7EOB', 21),
(36, 'TYIKY', 80),
(37, '1RQGV', 78),
(38, 'QARBW', 40),
(39, 'COE3G', 5),
(40, 'HN7XN', 53),
(41, '4TFTO', 66),
(42, 'TYA1Y', 13),
(43, '3WIFN', 64),
(44, 'L0U7U', 16),
(45, 'H9E3A', 85),
(46, 'HK7FT', 68),
(47, '5ICWH', 74),
(48, 'NPOH9', 49),
(49, 'R5R0X', 55),
(50, 'LTY8T', 29),
(51, 'ZODLZ', 81),
(52, 'W41KT', 19),
(53, 'C1SF0', 24),
(54, 'WCLWB', 7),
(55, '0MZA6', 5),
(56, 'R8RLI', 92),
(57, 'QBSRJ', 19),
(58, '5VL4K', 94),
(59, 'BMQZ7', 72),
(60, 'BCRWW', 68),
(61, 'G3BXC', 47),
(62, 'GCK3W', 55),
(63, '71FL0', 29),
(64, 'C3IK1', 34),
(65, 'S4HC7', 21),
(66, 'YCRW8', 17),
(67, 'ATM3E', 84),
(68, '044FH', 57),
(69, 'WG0SP', 21),
(70, 'VEOEK', 12),
(71, 'JT2TE', 18),
(72, '5TV67', 98),
(73, 'I6O69', 34),
(74, 'A0XL6', 90),
(75, '8K3BS', 66),
(76, 'DX7UX', 74),
(77, 'OW4C9', 24),
(78, 'T7RKB', 32),
(79, 'WDYL8', 7),
(80, 'XMWCX', 38),
(81, 'KSD8Z', 13),
(82, '7LGM8', 32),
(83, '187U5', 41),
(84, '02ZG1', 80),
(85, 'NA1K0', 46),
(86, 'MK0G5', 92),
(87, 'W9NVY', 21),
(88, '9JI15', 51),
(89, 'KH667', 67),
(90, 'JYYQZ', 15),
(91, '52WSX', 19),
(92, '4VVLI', 97),
(93, 'YUGNU', 95),
(94, 'H6B75', 80),
(95, 'Y5H18', 85),
(96, 'C1MUT', 38),
(97, 'B58EM', 20),
(98, '2OC15', 24),
(99, 'RJX94', 59),
(100, 'G1WNU', 23);

-- --------------------------------------------------------

--
-- Table structure for table `TestAttempt`
--

CREATE TABLE `TestAttempt` (
  `ID` int(11) NOT NULL,
  `start_attempt_time` timestamp NOT NULL DEFAULT current_timestamp(),
  `finish_attempt_time` timestamp NOT NULL DEFAULT '0000-00-00 00:00:00',
  `grade` float DEFAULT NULL,
  `test_ID` int(11) DEFAULT NULL,
  `responder_ID` int(11) DEFAULT NULL
) ENGINE=InnoDB DEFAULT CHARSET=utf8mb4;

--
-- Dumping data for table `TestAttempt`
--

INSERT INTO `TestAttempt` (`ID`, `start_attempt_time`, `finish_attempt_time`, `grade`, `test_ID`, `responder_ID`) VALUES
(101, '2008-10-28 11:40:32', '2029-06-20 19:36:51', 12.4665, 2, 62),
(102, '1999-03-09 13:14:44', '2030-01-29 00:23:43', 14.5247, 16, 91),
(103, '2011-06-12 21:42:18', '2026-05-13 07:17:38', 18.8491, 54, 62),
(104, '2004-09-04 13:39:06', '2025-01-29 18:02:37', 7.25536, 48, 54),
(105, '2016-04-11 05:55:15', '2032-01-11 19:16:58', 2.77949, 72, 4),
(106, '2003-08-03 00:52:53', '2023-10-19 23:34:02', 0.150817, 53, 58),
(107, '2000-05-08 01:27:11', '2028-01-24 13:58:27', 1.99379, 62, 40),
(108, '2000-12-24 11:36:32', '2030-07-05 00:13:29', 19.2576, 88, 61),
(109, '2019-11-17 16:24:35', '2023-07-11 04:34:08', 5.24323, 9, 84),
(110, '2001-04-16 06:10:56', '2024-07-28 08:50:07', 19.2652, 12, 6),
(111, '2014-08-23 17:22:36', '2028-12-21 14:30:16', 1.48338, 14, 44),
(112, '2000-06-19 14:05:13', '2023-07-17 20:26:10', 11.7224, 45, 14),
(113, '1999-02-01 06:29:01', '2026-12-04 08:27:56', 2.98543, 52, 50),
(114, '2007-03-06 08:00:27', '2030-02-23 14:02:18', 9.0462, 31, 19),
(115, '2019-05-29 03:39:27', '2024-01-14 13:13:55', 10.3228, 40, 55),
(116, '1998-12-01 00:00:40', '2026-12-13 04:03:12', 5.52254, 39, 38),
(117, '2000-10-06 18:49:52', '2026-08-16 12:18:28', 11.5414, 35, 36),
(118, '1998-05-11 23:55:26', '2024-12-13 00:21:07', 13.3578, 82, 18),
(119, '2018-01-23 15:52:04', '2023-04-13 18:47:51', 4.46573, 3, 73),
(120, '2005-05-09 11:38:41', '2025-04-04 19:31:38', 19.3219, 96, 35),
(121, '2020-08-08 22:18:34', '2030-06-04 15:06:19', 17.6563, 98, 50),
(122, '2010-09-22 04:52:28', '2028-04-14 11:16:14', 19.4052, 98, 4),
(123, '2003-03-02 13:57:05', '2022-05-13 01:18:32', 2.18938, 100, 65),
(124, '2008-08-08 06:39:32', '2031-03-29 13:31:43', 17.1239, 9, 9),
(125, '2013-02-10 14:43:56', '2028-02-27 08:20:57', 0.128852, 23, 47),
(126, '1996-01-16 18:01:13', '2028-12-10 02:15:44', 15.006, 80, 43),
(127, '2018-09-12 01:34:50', '2025-05-21 20:46:29', 0.468102, 17, 21),
(128, '2006-07-17 06:52:37', '2031-01-24 16:20:55', 18.7131, 9, 84),
(129, '2015-06-30 09:18:04', '2029-03-27 14:09:51', 12.1983, 75, 88),
(130, '2010-02-14 13:11:32', '2025-07-19 16:14:58', 16.9224, 39, 51),
(131, '2013-08-08 05:15:11', '2031-08-31 23:41:26', 3.28051, 41, 2),
(132, '1993-05-31 04:23:31', '2023-04-02 23:17:08', 18.4865, 11, 20),
(133, '1993-07-12 03:39:52', '2028-06-16 09:57:29', 16.4594, 35, 46),
(134, '2003-12-30 18:35:14', '2027-09-16 18:23:38', 3.05483, 57, 73),
(135, '2013-07-11 19:22:24', '2026-08-23 06:02:53', 3.64601, 37, 17),
(136, '2017-09-08 09:40:09', '2025-07-13 19:58:10', 13.3097, 24, 26),
(137, '2007-05-29 19:13:39', '2029-09-03 09:05:50', 3.50463, 15, 9),
(138, '1994-12-02 19:14:49', '2024-08-04 22:20:09', 3.07644, 39, 80),
(139, '2006-04-08 16:48:37', '2031-10-02 05:55:46', 17.0409, 56, 18),
(140, '2008-04-21 11:05:16', '2023-02-06 12:17:59', 19.1636, 91, 10),
(141, '2006-02-22 21:38:00', '2026-02-08 05:36:07', 1.58034, 11, 6),
(142, '2002-05-24 17:22:19', '2027-01-30 22:16:55', 9.8062, 23, 25),
(143, '2002-12-14 17:40:47', '2031-04-12 15:57:11', 9.14259, 62, 37),
(144, '2007-04-08 16:53:11', '2031-12-09 06:00:02', 7.42566, 50, 56),
(145, '2001-04-18 04:44:05', '2029-12-06 15:01:07', 8.66098, 23, 20),
(146, '2012-03-17 14:49:24', '2030-08-16 20:02:14', 10.5659, 22, 66),
(147, '2013-12-17 00:59:16', '2031-11-06 13:57:43', 19.5417, 46, 77),
(148, '2012-02-07 09:08:46', '2028-02-18 19:14:56', 2.07579, 20, 39),
(149, '2008-01-10 09:30:30', '2024-12-17 00:28:05', 0.875983, 70, 90),
(150, '1996-03-03 01:50:06', '2023-05-29 19:51:14', 19.7004, 87, 37),
(151, '2010-11-21 17:18:51', '2024-06-21 03:44:51', 5.01982, 44, 97),
(152, '2022-01-30 13:58:06', '2030-10-14 21:15:10', 0.353054, 45, 28),
(153, '2008-09-12 12:09:01', '2027-08-17 13:29:23', 3.41528, 18, 73),
(154, '1994-07-10 07:25:24', '2024-08-08 12:10:54', 13.9266, 75, 50),
(155, '1999-04-20 16:11:41', '2031-04-20 22:35:16', 13.2983, 16, 61),
(156, '2016-03-08 19:25:51', '2030-02-19 02:26:02', 11.826, 83, 23),
(157, '2016-07-18 17:45:33', '2023-07-28 13:18:36', 8.92991, 28, 19),
(158, '2020-06-03 12:31:20', '2030-01-04 11:40:24', 14.4851, 6, 98),
(159, '1992-11-15 14:46:52', '2023-10-17 17:29:47', 8.78549, 35, 43),
(160, '2007-01-30 21:35:48', '2028-09-17 03:32:06', 17.9383, 83, 31),
(161, '2021-03-18 22:11:25', '2031-08-23 10:56:54', 12.6138, 16, 14),
(162, '2000-12-08 11:42:00', '2024-08-01 07:40:45', 18.4376, 16, 87),
(163, '2005-03-19 06:23:24', '2029-07-24 05:23:13', 5.74774, 83, 30),
(164, '2020-10-11 17:31:37', '2026-05-09 18:50:11', 12.9521, 9, 47),
(165, '2005-12-19 17:48:06', '2029-01-18 16:03:35', 13.8468, 98, 90),
(166, '2000-05-28 14:19:09', '2023-03-18 23:41:02', 8.85879, 29, 4),
(167, '2003-01-27 22:21:19', '2023-05-06 14:45:27', 10.8807, 6, 41),
(168, '1997-07-28 23:06:29', '2031-09-01 09:35:37', 9.50114, 63, 26),
(169, '1996-09-28 11:26:30', '2030-02-21 22:34:54', 14.2303, 77, 37),
(170, '2014-11-08 20:24:05', '2031-09-27 04:10:51', 19.7321, 67, 6),
(171, '1997-10-20 15:03:43', '2031-02-01 02:28:12', 12.8977, 94, 71),
(172, '2009-07-04 07:34:40', '2022-12-04 20:33:18', 3.12416, 92, 93),
(173, '2010-06-02 13:09:39', '2027-03-03 18:39:53', 6.8675, 59, 54),
(174, '2008-08-06 11:42:12', '2029-03-15 08:06:42', 10.2934, 64, 62),
(175, '1994-08-04 00:16:06', '2023-06-17 04:51:00', 9.50113, 71, 30),
(176, '2015-04-02 20:26:17', '2029-11-27 20:00:31', 17.0281, 32, 37),
(177, '2015-06-14 17:15:52', '2028-09-17 13:09:27', 13.219, 38, 75),
(178, '2004-09-04 03:58:25', '2028-11-14 13:17:16', 13.5069, 11, 56),
(179, '2005-12-28 21:00:05', '2024-02-17 23:25:37', 1.29809, 55, 22),
(180, '2007-09-26 06:13:06', '2023-11-24 11:30:20', 14.2672, 25, 18),
(181, '2002-03-13 19:46:06', '2030-05-02 11:19:44', 16.4058, 49, 33),
(182, '2021-11-16 12:50:17', '2023-04-13 15:03:52', 11.4444, 79, 31),
(183, '2002-05-19 01:05:22', '2024-01-06 06:53:59', 1.00873, 35, 85),
(184, '2013-03-11 16:35:34', '2025-08-27 16:50:18', 5.41115, 82, 84),
(185, '1994-06-05 17:13:27', '2029-09-13 04:37:45', 18.09, 36, 99),
(186, '2001-04-03 13:05:27', '2025-12-22 15:24:16', 14.1784, 35, 99),
(187, '1992-10-15 22:53:43', '2024-07-01 02:35:20', 3.08082, 66, 34),
(188, '2015-06-25 01:41:19', '2025-06-17 06:53:45', 18.7485, 97, 67),
(189, '2018-10-31 10:59:06', '2023-01-17 17:19:10', 9.7169, 19, 58),
(190, '2009-10-04 03:58:34', '2023-04-29 05:52:58', 7.05947, 26, 49),
(191, '1992-09-26 09:22:35', '2025-02-25 21:13:10', 17.897, 8, 82),
(192, '1995-03-23 14:08:45', '2026-08-17 10:42:20', 6.48579, 95, 80),
(193, '1996-09-25 17:32:59', '2024-08-21 14:18:44', 14.3939, 97, 83),
(194, '2000-07-23 19:22:12', '2030-11-21 22:05:59', 12.5934, 17, 71),
(195, '2015-02-22 04:42:16', '2023-12-07 23:29:17', 14.2188, 55, 59),
(196, '2016-10-24 07:51:38', '2025-09-29 07:36:15', 3.11372, 83, 95),
(197, '1994-04-29 12:53:21', '2026-06-10 00:43:22', 9.77502, 33, 37),
(198, '2019-02-09 22:25:02', '2024-02-23 09:02:55', 4.5159, 99, 6),
(199, '2008-03-16 21:43:24', '2024-02-22 18:05:13', 6.16297, 30, 17),
(200, '2005-08-28 19:21:25', '2027-05-18 10:43:21', 3.46592, 45, 1);

-- --------------------------------------------------------

--
-- Table structure for table `TestDesigner`
--

CREATE TABLE `TestDesigner` (
  `ID` int(11) NOT NULL,
  `user_name` varchar(100) NOT NULL,
  `password` varchar(20) NOT NULL,
  `creator_ID` int(11) DEFAULT NULL
) ENGINE=InnoDB DEFAULT CHARSET=utf8mb4;

--
-- Dumping data for table `TestDesigner`
--

INSERT INTO `TestDesigner` (`ID`, `user_name`, `password`, `creator_ID`) VALUES
(1, 'OSN6N', 'EY66G', 24),
(2, 'GUZCO', 'W3NJ3', 57),
(3, 'NF7FQ', 'DY0VP', 21),
(4, 'DKQ9V', '7IMNJ', 68),
(5, '60FYU', '6EIHB', 67),
(6, 'ILM4Z', 'NHZCB', 35),
(7, 'Q53SV', 'DMK2G', 14),
(8, 'QF4KF', 'EVJ7A', 100),
(9, 'YSC2Z', 'A6GFM', 77),
(10, 'HWT8W', 'BGE8Y', 59),
(11, '2THOQ', '60P6B', 17),
(12, '8TSJW', 'IQ8SY', 46),
(13, 'UVJMU', '4VKO0', 55),
(14, 'OCPE0', 'Z9UXH', 25),
(15, 'Z5UK6', 'VTNN1', 16),
(16, '2LOC5', 'PWU4F', 91),
(17, 'MHN62', '3KFUV', 97),
(18, 'LDJSN', 'BQ3AH', 76),
(19, 'Z2QGI', 'U1EVM', 76),
(20, 'E5R11', '4KU5E', 93),
(21, 'N2MY3', 'WC8SE', 3),
(22, '0K099', 'N73LS', 85),
(23, 'RLMHF', 'UM8DW', 40),
(24, 'MOGZK', '69JJ3', 62),
(25, '62I12', 'TJN2M', 14),
(26, 'JQ12K', '2YPN9', 89),
(27, 'ENMI5', 'OKVHM', 48),
(28, '7CN6Q', '37VNX', 42),
(29, 'D01ZC', 'LPFK3', 41),
(30, 'H0ORI', 'GQS7Z', 90),
(31, '51O62', 'GOS7E', 91),
(32, 'KX2G0', 'KN1HV', 47),
(33, 'BXT6C', 'XXH87', 29),
(34, 'ZREWG', 'HPN5H', 4),
(35, 'TMPA7', 'EOHHM', 80),
(36, 'ELYLE', 'G0UWB', 56),
(37, '1WZ6L', 'AZT74', 82),
(38, '84Z3N', '90PIM', 54),
(39, '5OTBW', 'ED37Q', 43),
(40, 'B0GQJ', '28JN9', 67),
(41, 'FR6FC', 'LFT3Z', 2),
(42, 'YHMVY', '3AGL0', 40),
(43, '6WPGD', 'Q9UIZ', 38),
(44, 'CNIVW', '5PCEM', 72),
(45, 'HQU0D', 'HJMD8', 89),
(46, 'E4PPT', 'FXBFS', 25),
(47, 'N972C', 'P3IP4', 58),
(48, 'MEC8B', 'FPIZV', 86),
(49, 'IS07Y', 'MR572', 10),
(50, 'ST3UU', '0EFYU', 44),
(51, '5FAOL', 'F7DXX', 77),
(52, '4VZTW', 'FPK0Y', 32),
(53, 'D223M', 'TZHER', 29),
(54, 'PJKUY', 'J7XIV', 50),
(55, 'YFC56', 'QCO9U', 43),
(56, '10GK1', '4JGIS', 29),
(57, 'C80DR', 'NQMMM', 100),
(58, 'PXLDN', 'IDQWS', 96),
(59, 'MYWUB', 'ZFM3D', 36),
(60, 'H2RRH', 'OOW3T', 57),
(61, '8RT7B', '0A8OH', 73),
(62, 'TAGG4', '240SK', 50),
(63, 'X9JMD', 'AERFQ', 15),
(64, 'S15VE', 'UWXO6', 63),
(65, 'N4OEM', 'KXOWA', 1),
(66, 'XNMUF', '3YKU3', 98),
(67, '7X9AH', '22X69', 37),
(68, '8BBS6', '9ISPC', 67),
(69, 'G27T7', '1ZXXV', 27),
(70, 'M8MMI', 'TR82G', 18),
(71, 'R63YD', 'PJ4P1', 98),
(72, 'VL8WJ', '0F00Q', 90),
(73, '21VDF', '9HTUW', 42),
(74, 'RVU36', 'LYIL0', 86),
(75, '2N91E', 'D1AQD', 31),
(76, 'PNAAD', 'R25VA', 79),
(77, 'E01JU', 'A3XIR', 47),
(78, 'O7J7K', 'L3FW3', 30),
(79, 'ZH7HU', 'I8JOM', 56),
(80, 'DFUFB', 'C3SFL', 27),
(81, 'U4DCY', '5TZJP', 79),
(82, 'RCE38', 'SZ1LZ', 1),
(83, 'NKOFO', 'IBSBC', 88),
(84, 'H9N4K', 'VL9JG', 70),
(85, 'YFOUB', '5XYWB', 33),
(86, 'Z3OG6', 'CPW1S', 80),
(87, '3LWVH', '02CEG', 26),
(88, 'N091C', 'KGJO8', 29),
(89, '7RYYE', 'PKUNO', 68),
(90, '41CLA', 'A0Z08', 7),
(91, 'TCQ26', '7NWRK', 54),
(92, 'HY273', 'UG1LM', 90),
(93, 'DLQRU', 'O7JEA', 77),
(94, 'OQJ0V', 'X87XL', 42),
(95, 'U70G3', '6VHTN', 99),
(96, 'X2EJC', 'YYORM', 36),
(97, 'NJ1ZL', 'TRX4Z', 49),
(98, 'NYO5C', 'YNAT2', 31),
(99, 'AYD9Z', 'ARPAX', 20),
(100, '7051H', 'SBALE', 43);

-- --------------------------------------------------------

--
-- Table structure for table `TestQuestions`
--

CREATE TABLE `TestQuestions` (
  `ID` int(11) NOT NULL,
  `test_ID` int(11) DEFAULT NULL,
  `question_ID` int(11) DEFAULT NULL
) ENGINE=InnoDB DEFAULT CHARSET=utf8mb4;

--
-- Dumping data for table `TestQuestions`
--

INSERT INTO `TestQuestions` (`ID`, `test_ID`, `question_ID`) VALUES
(1, 58, 81),
(2, 59, 64),
(3, 93, 84),
(4, 90, 48),
(5, 100, 44),
(6, 37, 60),
(7, 77, 39),
(8, 79, 43),
(9, 33, 18),
(10, 43, 51),
(11, 43, 49),
(12, 77, 82),
(13, 57, 42),
(14, 17, 58),
(15, 34, 80),
(16, 34, 69),
(17, 29, 48),
(18, 48, 15),
(19, 40, 16),
(20, 44, 47),
(21, 78, 57),
(22, 27, 12),
(23, 70, 54),
(24, 46, 5),
(25, 2, 91),
(26, 61, 24),
(27, 54, 38),
(28, 88, 76),
(29, 40, 7),
(30, 2, 50),
(31, 94, 8),
(32, 34, 20),
(33, 67, 20),
(34, 65, 5),
(35, 15, 11),
(36, 1, 81),
(37, 33, 50),
(38, 26, 5),
(39, 51, 68),
(40, 20, 23),
(41, 99, 50),
(42, 8, 7),
(43, 75, 82),
(44, 53, 60),
(45, 76, 27),
(46, 13, 33),
(47, 95, 39),
(48, 21, 81),
(49, 33, 84),
(50, 19, 32),
(51, 11, 25),
(52, 12, 68),
(53, 72, 3),
(54, 21, 12),
(55, 76, 3),
(56, 10, 22),
(57, 5, 93),
(58, 51, 18),
(59, 83, 5),
(60, 91, 88),
(61, 47, 77),
(62, 86, 53),
(63, 79, 89),
(64, 71, 8),
(65, 68, 72),
(66, 32, 50),
(67, 66, 5),
(68, 25, 37),
(69, 21, 39),
(70, 67, 24),
(71, 91, 12),
(72, 26, 35),
(73, 7, 31),
(74, 95, 40),
(75, 68, 55),
(76, 55, 7),
(77, 27, 55),
(78, 20, 5),
(79, 22, 64),
(80, 56, 86),
(81, 22, 39),
(82, 11, 28),
(83, 52, 21),
(84, 11, 47),
(85, 72, 99),
(86, 18, 58),
(87, 98, 61),
(88, 79, 46),
(89, 38, 17),
(90, 42, 1),
(91, 35, 5),
(92, 20, 83),
(93, 5, 75),
(94, 10, 50),
(95, 39, 31),
(96, 33, 77),
(97, 23, 4),
(98, 59, 16),
(99, 18, 90),
(100, 66, 36);

-- --------------------------------------------------------

--
-- Table structure for table `TestTestDesigners`
--

CREATE TABLE `TestTestDesigners` (
  `ID` int(11) NOT NULL,
  `test_ID` int(11) DEFAULT NULL,
  `test_designer_ID` int(11) DEFAULT NULL
) ENGINE=InnoDB DEFAULT CHARSET=utf8mb4;

--
-- Dumping data for table `TestTestDesigners`
--

INSERT INTO `TestTestDesigners` (`ID`, `test_ID`, `test_designer_ID`) VALUES
(1, 50, 75),
(2, 25, 40),
(3, 88, 82),
(4, 99, 83),
(5, 100, 77),
(6, 92, 77),
(7, 35, 4),
(8, 26, 49),
(9, 92, 86),
(10, 56, 73),
(11, 8, 39),
(12, 57, 75),
(13, 90, 24),
(14, 91, 85),
(15, 8, 9),
(16, 40, 69),
(17, 59, 19),
(18, 89, 51),
(19, 38, 57),
(20, 49, 51),
(21, 90, 61),
(22, 45, 45),
(23, 84, 100),
(24, 52, 88),
(25, 2, 67),
(26, 58, 65),
(27, 51, 96),
(28, 16, 42),
(29, 56, 23),
(30, 84, 16),
(31, 8, 39),
(32, 50, 92),
(33, 96, 30),
(34, 64, 70),
(35, 90, 50),
(36, 68, 38),
(37, 56, 48),
(38, 15, 33),
(39, 84, 76),
(40, 14, 96),
(41, 27, 37),
(42, 9, 40),
(43, 7, 26),
(44, 48, 17),
(45, 40, 70),
(46, 1, 31),
(47, 63, 18),
(48, 8, 12),
(49, 49, 80),
(50, 79, 33),
(51, 1, 35),
(52, 51, 13),
(53, 23, 99),
(54, 52, 39),
(55, 99, 42),
(56, 33, 38),
(57, 78, 36),
(58, 65, 16),
(59, 17, 10),
(60, 6, 43),
(61, 98, 38),
(62, 31, 84),
(63, 39, 33),
(64, 55, 34),
(65, 67, 36),
(66, 66, 90),
(67, 2, 46),
(68, 4, 65),
(69, 34, 14),
(70, 9, 68),
(71, 13, 7),
(72, 58, 18),
(73, 86, 83),
(74, 18, 63),
(75, 30, 78),
(76, 33, 15),
(77, 77, 14),
(78, 32, 47),
(79, 8, 48),
(80, 22, 89),
(81, 86, 71),
(82, 41, 61),
(83, 8, 17),
(84, 94, 29),
(85, 43, 9),
(86, 22, 74),
(87, 75, 22),
(88, 84, 8),
(89, 78, 78),
(90, 38, 31),
(91, 8, 6),
(92, 16, 44),
(93, 97, 33),
(94, 62, 100),
(95, 18, 6),
(96, 55, 44),
(97, 55, 84),
(98, 13, 40),
(99, 45, 55),
(100, 24, 33);

-- --------------------------------------------------------

--
-- Table structure for table `Ticket`
--

CREATE TABLE `Ticket` (
  `ID` int(11) NOT NULL,
  `creation_time` timestamp NOT NULL DEFAULT current_timestamp(),
  `end_time` timestamp NOT NULL DEFAULT '0000-00-00 00:00:00',
  `status` enum('CREATED','WAITING','ANSWERED','CLOSED') NOT NULL DEFAULT 'CREATED',
  `content` varchar(500) NOT NULL,
  `creator_ID` int(11) DEFAULT NULL,
  `support_ID` int(11) DEFAULT NULL,
  `tech_ID` int(11) DEFAULT NULL
) ENGINE=InnoDB DEFAULT CHARSET=utf8mb4;

--
-- Dumping data for table `Ticket`
--

INSERT INTO `Ticket` (`ID`, `creation_time`, `end_time`, `status`, `content`, `creator_ID`, `support_ID`, `tech_ID`) VALUES
(1, '2008-12-12 18:11:59', '2027-04-15 08:31:07', 'CLOSED', '8ZKK1', 38, 36, 85),
(2, '1995-10-07 20:23:56', '2026-12-18 00:16:24', 'WAITING', 'GR8O1', 30, 62, 36),
(3, '2010-04-22 05:01:06', '2026-07-16 23:16:49', 'WAITING', 'GQVB3', 59, 73, 95),
(4, '2002-09-21 16:08:10', '2023-05-01 08:54:53', 'WAITING', 'WD9N9', 14, 7, 38),
(5, '2013-10-07 23:16:59', '2022-09-24 21:10:10', 'CREATED', 'T0A6S', 93, 90, 55),
(6, '2005-07-07 01:44:07', '2023-04-07 15:41:19', 'CREATED', 'KBPV6', 17, 34, 78),
(7, '2002-12-11 09:43:36', '2028-10-17 18:40:44', 'CREATED', '1E051', 36, 78, 49),
(8, '1995-12-19 02:45:16', '2027-07-06 11:35:26', 'CREATED', '2YMJR', 55, 58, 26),
(9, '2005-08-05 13:49:00', '2027-04-08 14:33:58', 'WAITING', 'SETJP', 34, 90, 66),
(10, '2020-03-29 13:56:59', '2027-07-06 11:26:02', 'ANSWERED', 'SIZIX', 47, 73, 15),
(11, '2011-03-10 01:00:01', '2030-01-03 22:31:50', 'CLOSED', 'MI6TZ', 92, 86, 32),
(12, '1997-10-02 17:39:51', '2030-10-01 19:53:30', 'CREATED', 'SDO57', 30, 62, 52),
(13, '2018-05-03 12:29:08', '2028-03-18 05:55:07', 'ANSWERED', 'ODR96', 3, 39, 43),
(14, '2009-03-06 05:32:07', '2029-11-12 15:01:19', 'ANSWERED', '3PNPW', 51, 43, 100),
(15, '2003-12-26 17:41:33', '2023-12-31 14:02:58', 'WAITING', 'PXBW7', 13, 99, 41),
(16, '1997-11-21 03:01:34', '2032-02-24 02:29:37', 'WAITING', 'JP0P0', 62, 13, 56),
(17, '2008-07-11 15:25:59', '2025-12-12 09:49:38', 'CREATED', 'J52BO', 84, 11, 27),
(18, '2013-02-17 11:07:36', '2024-01-02 06:46:11', 'CLOSED', 'ZJY1K', 80, 24, 13),
(19, '1997-10-10 06:27:40', '2031-12-02 21:51:44', 'CLOSED', '3WTL0', 95, 87, 26),
(20, '1995-04-07 03:01:33', '2027-07-08 12:26:43', 'ANSWERED', 'K2I3M', 50, 88, 59),
(21, '1993-06-10 10:04:33', '2023-03-17 07:05:09', 'CREATED', '5B2ND', 5, 50, 50),
(22, '1996-05-21 11:25:38', '2022-09-20 22:46:03', 'CREATED', 'VRC17', 27, 81, 50),
(23, '2012-11-27 22:16:40', '2025-07-20 11:33:55', 'CREATED', '87VLH', 63, 26, 21),
(24, '2000-05-10 11:24:41', '2024-12-15 07:34:17', 'WAITING', 'CWAHP', 42, 17, 32),
(25, '2006-12-07 00:30:29', '2026-03-24 09:29:37', 'CREATED', 'JZE45', 23, 80, 98),
(26, '2010-05-24 09:09:19', '2024-01-31 02:59:58', 'ANSWERED', 'U9J8J', 48, 91, 44),
(27, '1992-12-11 13:10:39', '2029-05-22 04:58:49', 'ANSWERED', 'SLVBB', 51, 47, 5),
(28, '1998-10-26 17:03:09', '2025-01-26 01:44:26', 'WAITING', '419H9', 6, 6, 95),
(29, '2004-08-19 01:31:50', '2031-05-09 18:36:02', 'CLOSED', 'Z21RF', 86, 3, 93),
(30, '2008-04-24 13:44:01', '2030-06-24 02:31:20', 'ANSWERED', '1I4EJ', 56, 40, 82),
(31, '2016-08-26 16:43:47', '2031-10-10 08:08:31', 'ANSWERED', '0KJG2', 83, 80, 22),
(32, '2009-10-11 06:05:30', '2028-01-02 11:11:50', 'CREATED', 'JPNQU', 53, 83, 67),
(33, '2003-07-27 08:52:01', '2026-05-16 09:48:13', 'WAITING', '651IQ', 7, 65, 70),
(34, '1993-07-12 04:04:40', '2028-06-09 05:25:12', 'CLOSED', 'KDERT', 93, 24, 41),
(35, '2005-06-02 16:01:08', '2031-06-25 04:53:31', 'CLOSED', '03T97', 17, 29, 86),
(36, '2009-08-10 15:02:15', '2023-08-09 01:02:35', 'WAITING', 'OAQE9', 32, 85, 55),
(37, '1992-07-01 05:40:25', '2022-10-13 21:09:41', 'CLOSED', '0XC8Q', 32, 95, 67),
(38, '2010-08-12 14:37:57', '2027-10-23 19:56:45', 'WAITING', '529ZK', 21, 43, 3),
(39, '2007-08-07 21:22:32', '2022-08-22 05:39:36', 'WAITING', 'UL9C4', 2, 64, 56),
(40, '2009-10-26 18:56:32', '2028-07-18 00:30:23', 'WAITING', 'UZSUI', 42, 21, 21),
(41, '2002-08-21 09:21:13', '2026-02-12 19:58:05', 'CLOSED', '989HP', 2, 33, 10),
(42, '2008-09-24 07:51:11', '2030-04-03 06:41:35', 'CREATED', 'YE4SB', 76, 82, 2),
(43, '2000-04-30 23:39:39', '2028-10-18 16:13:22', 'ANSWERED', 'ZIQWT', 70, 27, 3),
(44, '2011-02-15 13:07:34', '2031-08-09 09:35:28', 'CLOSED', 'QV37F', 95, 91, 55),
(45, '2013-03-31 07:22:44', '2030-06-04 12:06:55', 'CREATED', 'J3RA5', 66, 21, 60),
(46, '2000-06-22 02:20:22', '2030-11-25 12:52:16', 'CLOSED', '0UR95', 32, 56, 67),
(47, '2018-11-16 00:04:21', '2022-08-13 09:12:24', 'CLOSED', 'OWREA', 11, 91, 55),
(48, '2002-06-03 23:46:53', '2031-08-17 03:44:09', 'CLOSED', '86VOA', 65, 22, 77),
(49, '2002-07-26 15:40:54', '2025-06-24 00:34:54', 'CLOSED', 'GQWHL', 49, 87, 26),
(50, '2021-10-08 15:23:47', '2026-04-04 04:36:06', 'WAITING', '4RHY0', 62, 48, 63),
(51, '2011-05-16 14:42:23', '2029-06-08 21:23:59', 'CREATED', 'DGK94', 90, 45, 82),
(52, '2008-08-07 01:36:56', '2024-09-09 21:25:19', 'CLOSED', '9P01R', 75, 9, 60),
(53, '2001-09-02 23:32:47', '2028-06-11 14:14:21', 'CLOSED', 'INFZN', 97, 82, 72),
(54, '1997-03-08 05:05:53', '2025-02-25 17:08:32', 'WAITING', 'Q77GK', 9, 76, 48),
(55, '1994-03-17 08:11:17', '2026-09-09 03:31:57', 'CLOSED', '4UCXZ', 79, 48, 13),
(56, '1996-07-03 04:31:37', '2030-07-28 14:35:50', 'CREATED', 'SGOTY', 11, 5, 29),
(57, '2007-06-18 02:15:03', '2030-03-22 09:49:40', 'CREATED', 'XLDHQ', 10, 79, 93),
(58, '2008-06-01 09:24:01', '2025-08-29 14:40:32', 'WAITING', '4DBYH', 14, 73, 30),
(59, '2011-07-24 23:46:42', '2027-08-08 21:24:49', 'ANSWERED', 'N09K0', 83, 6, 41),
(60, '2007-12-31 11:37:41', '2030-06-12 01:57:55', 'CREATED', 'RPJ27', 89, 86, 99),
(61, '2000-06-12 06:06:20', '2031-05-01 23:44:23', 'WAITING', 'PL4QG', 2, 48, 23),
(62, '1994-10-12 10:15:35', '2031-08-29 17:38:30', 'CREATED', 'SIAPJ', 60, 29, 62),
(63, '2021-11-07 08:26:30', '2031-04-06 20:59:44', 'CREATED', 'DHCDR', 44, 82, 5),
(64, '2015-06-14 22:15:29', '2026-12-25 15:34:43', 'CREATED', 'FHAXM', 85, 24, 61),
(65, '2021-12-01 08:12:52', '2028-06-11 22:34:56', 'ANSWERED', 'HFPNP', 31, 36, 17),
(66, '1993-10-19 21:34:08', '2030-10-10 11:08:53', 'WAITING', 'GFVKR', 66, 19, 57),
(67, '1995-08-31 16:28:00', '2032-04-26 17:20:02', 'CLOSED', 'IZPJO', 58, 12, 80),
(68, '2019-09-27 10:04:32', '2024-12-22 20:50:03', 'CLOSED', 'N69IY', 89, 94, 60),
(69, '2012-08-11 19:05:21', '2027-08-15 11:03:37', 'CREATED', 'MID3N', 91, 51, 55),
(70, '2003-05-26 11:44:37', '2029-11-18 02:19:12', 'WAITING', 'GKZRZ', 69, 78, 88),
(71, '2000-05-17 18:01:58', '2029-07-07 08:59:17', 'ANSWERED', 'N41N5', 64, 87, 21),
(72, '2006-09-09 23:23:40', '2022-08-26 15:39:21', 'WAITING', 'R3D0B', 46, 46, 86),
(73, '2014-02-06 09:23:59', '2028-03-17 06:16:31', 'CLOSED', 'VFK4A', 89, 37, 70),
(74, '2004-02-17 03:45:04', '2031-01-01 17:57:12', 'ANSWERED', '5OLFG', 81, 39, 18),
(75, '1999-02-05 05:21:36', '2024-01-30 13:56:40', 'CREATED', 'VPANK', 78, 75, 30),
(76, '1998-01-25 00:37:09', '2024-12-10 13:40:43', 'CLOSED', 'UT6HG', 20, 49, 51),
(77, '2005-12-08 13:44:12', '2025-12-20 10:31:01', 'ANSWERED', '2927F', 40, 53, 23),
(78, '2006-10-29 09:09:53', '2028-12-09 04:21:28', 'WAITING', 'Y4HM4', 12, 21, 14),
(79, '2002-08-26 23:08:40', '2028-05-30 09:35:38', 'ANSWERED', 'EBL8U', 54, 31, 100),
(80, '2011-05-02 09:27:18', '2029-07-20 17:40:08', 'CREATED', 'JZJ58', 68, 100, 19),
(81, '2013-07-27 07:24:44', '2029-04-05 05:38:13', 'CLOSED', 'BTQV3', 78, 51, 26),
(82, '2019-05-15 11:38:29', '2026-06-22 12:47:22', 'WAITING', 'DR17G', 6, 78, 72),
(83, '2010-01-02 18:04:06', '2025-12-02 20:36:40', 'ANSWERED', 'OH6XO', 51, 100, 79),
(84, '2007-06-07 19:47:00', '2030-04-10 18:19:24', 'ANSWERED', '78NDB', 35, 4, 48),
(85, '1996-02-05 14:44:57', '2027-12-05 08:52:19', 'CREATED', 'EXBHY', 43, 33, 38),
(86, '2021-01-09 00:51:09', '2031-07-17 23:28:41', 'CLOSED', '67W77', 4, 74, 67),
(87, '2015-01-11 22:57:14', '2023-06-22 00:04:44', 'ANSWERED', 'OJWD7', 40, 17, 87),
(88, '2011-08-08 16:28:35', '2027-02-12 12:26:07', 'CREATED', 'D7LPW', 26, 99, 43),
(89, '2020-06-02 00:53:08', '2024-01-06 23:07:24', 'CLOSED', '89WWB', 78, 54, 6),
(90, '2013-08-30 04:42:55', '2030-07-07 05:34:59', 'ANSWERED', 'ZUQRZ', 54, 38, 70),
(91, '2009-10-30 07:10:47', '2030-11-18 06:17:23', 'CREATED', 'EWG6V', 52, 78, 15),
(92, '2003-06-08 16:15:36', '2030-10-30 06:11:09', 'WAITING', 'SMVIM', 30, 24, 65),
(93, '2018-05-13 21:13:05', '2029-07-15 15:10:58', 'WAITING', 'OJ0H0', 76, 32, 19),
(94, '2011-10-04 10:31:10', '2031-06-05 03:41:49', 'CLOSED', '2BW5Z', 78, 68, 13),
(95, '2018-03-10 22:03:58', '2023-12-11 02:16:28', 'CLOSED', '1FTOX', 85, 5, 68),
(96, '2013-11-28 17:15:01', '2025-11-06 06:48:38', 'ANSWERED', 'E4T6S', 3, 2, 22),
(97, '2012-02-23 07:04:09', '2027-09-25 06:36:50', 'CLOSED', '4QS7N', 77, 71, 89),
(98, '2000-10-02 18:15:11', '2022-10-17 07:07:25', 'CREATED', 'QL3CO', 33, 42, 59),
(99, '2015-02-17 03:22:49', '2025-12-31 06:27:24', 'CREATED', '70U1K', 33, 26, 4),
(100, '2001-08-10 02:29:32', '2026-02-14 10:12:09', 'WAITING', 'PXN8O', 40, 72, 73);

-- --------------------------------------------------------

--
-- Table structure for table `TicketRefer`
--

CREATE TABLE `TicketRefer` (
  `ID` int(11) NOT NULL,
  `end_time` timestamp NOT NULL DEFAULT current_timestamp() ON UPDATE current_timestamp(),
  `ticket_ID` int(11) DEFAULT NULL,
  `support_ID` int(11) DEFAULT NULL,
  `tech_ID` int(11) DEFAULT NULL
) ENGINE=InnoDB DEFAULT CHARSET=utf8mb4;

--
-- Dumping data for table `TicketRefer`
--

INSERT INTO `TicketRefer` (`ID`, `end_time`, `ticket_ID`, `support_ID`, `tech_ID`) VALUES
(1, '2025-05-05 20:36:03', 47, 77, 40),
(2, '2028-10-07 09:19:52', 97, 90, 97),
(3, '2026-02-22 15:43:12', 69, 18, 40),
(4, '2026-02-12 08:24:34', 69, 53, 43),
(5, '2026-10-25 17:10:34', 62, 33, 2),
(6, '2024-07-08 20:50:12', 82, 26, 18),
(7, '2027-05-22 11:23:15', 83, 77, 8),
(8, '2028-02-04 08:44:58', 38, 77, 30),
(9, '2024-04-29 18:40:40', 52, 28, 61),
(10, '2023-04-13 04:34:52', 29, 42, 46),
(11, '2024-07-02 10:27:58', 66, 19, 11),
(12, '2032-03-11 08:29:49', 63, 81, 92),
(13, '2027-12-13 03:10:52', 48, 99, 34),
(14, '2025-01-10 18:16:25', 55, 61, 44),
(15, '2029-12-05 17:43:24', 22, 4, 58),
(16, '2027-05-15 06:37:45', 87, 77, 98),
(17, '2025-12-27 04:38:43', 92, 76, 23),
(18, '2029-05-04 03:19:32', 40, 20, 4),
(19, '2023-11-05 14:39:53', 66, 97, 88),
(20, '2028-09-20 08:20:50', 93, 94, 61),
(21, '2031-10-10 09:55:35', 95, 78, 71),
(22, '2029-03-01 05:24:16', 79, 19, 82),
(23, '2027-03-10 13:11:54', 37, 37, 44),
(24, '2030-08-08 01:09:50', 58, 56, 20),
(25, '2028-09-06 10:46:28', 42, 35, 79),
(26, '2025-12-28 18:08:03', 10, 80, 79),
(27, '2026-01-20 17:08:34', 92, 9, 29),
(28, '2028-03-20 14:10:07', 4, 91, 65),
(29, '2022-05-09 07:29:01', 90, 74, 40),
(30, '2031-03-04 19:51:47', 87, 76, 97),
(31, '2022-11-18 23:31:29', 78, 68, 83),
(32, '2026-05-23 17:18:51', 66, 46, 39),
(33, '2029-01-13 06:38:17', 17, 66, 18),
(34, '2028-10-06 17:11:44', 97, 29, 29),
(35, '2029-08-01 13:14:57', 43, 55, 47),
(36, '2032-02-19 01:22:55', 46, 31, 43),
(37, '2024-06-19 22:13:11', 59, 64, 63),
(38, '2029-09-08 15:27:07', 36, 37, 66),
(39, '2031-03-16 21:20:45', 86, 84, 13),
(40, '2028-06-17 11:14:34', 24, 86, 5),
(41, '2024-02-12 20:37:50', 28, 59, 83),
(42, '2023-10-29 11:57:55', 52, 50, 36),
(43, '2024-01-22 01:22:34', 50, 89, 78),
(44, '2025-01-22 10:22:58', 86, 88, 86),
(45, '2029-08-28 17:03:52', 29, 23, 10),
(46, '2030-04-28 13:26:34', 94, 4, 57),
(47, '2023-09-10 16:14:59', 18, 69, 23),
(48, '2032-03-05 19:51:55', 72, 76, 28),
(49, '2031-02-04 05:18:56', 64, 62, 35),
(50, '2025-08-10 17:42:26', 1, 14, 84),
(51, '2028-09-04 14:38:51', 64, 5, 63),
(52, '2024-03-21 19:52:35', 57, 79, 22),
(53, '2023-01-26 16:46:12', 15, 58, 31),
(54, '2028-08-18 16:30:30', 77, 43, 30),
(55, '2024-12-20 18:15:23', 6, 100, 7),
(56, '2026-07-14 07:12:15', 73, 100, 33),
(57, '2030-01-21 03:42:50', 96, 40, 53),
(58, '2030-12-18 19:57:00', 94, 98, 82),
(59, '2031-11-19 02:26:25', 20, 46, 8),
(60, '2030-07-08 07:43:23', 73, 95, 71),
(61, '2022-11-10 10:25:33', 3, 43, 88),
(62, '2023-11-27 11:10:10', 85, 47, 78),
(63, '2029-08-04 16:26:55', 23, 55, 17),
(64, '2028-05-24 00:34:40', 61, 71, 60),
(65, '2023-01-20 06:34:01', 49, 19, 86),
(66, '2031-08-22 17:08:24', 42, 60, 64),
(67, '2029-03-25 12:22:40', 70, 38, 15),
(68, '2031-02-23 19:52:23', 27, 4, 36),
(69, '2025-05-07 13:58:27', 44, 70, 13),
(70, '2028-03-13 07:54:14', 53, 9, 21),
(71, '2024-07-16 12:30:38', 96, 67, 33),
(72, '2023-06-17 21:51:59', 20, 98, 49),
(73, '2027-12-08 07:26:37', 93, 26, 40),
(74, '2025-01-08 12:56:12', 81, 64, 82),
(75, '2029-12-10 03:55:06', 63, 100, 31),
(76, '2024-02-21 20:58:45', 4, 81, 27),
(77, '2024-06-27 19:49:55', 43, 10, 16),
(78, '2030-06-17 17:11:57', 74, 27, 69),
(79, '2025-11-14 23:27:26', 96, 6, 51),
(80, '2028-08-13 14:07:23', 62, 62, 87),
(81, '2028-08-08 23:39:13', 57, 87, 84),
(82, '2029-01-11 21:06:05', 80, 81, 47),
(83, '2024-12-11 05:10:45', 53, 74, 65),
(84, '2028-12-28 00:22:44', 82, 62, 23),
(85, '2030-07-13 04:02:48', 3, 96, 5),
(86, '2025-12-18 13:19:56', 59, 7, 6),
(87, '2023-02-11 09:13:20', 97, 87, 34),
(88, '2025-01-21 21:08:29', 68, 50, 51),
(89, '2024-03-06 20:23:56', 75, 73, 41),
(90, '2024-01-16 05:40:15', 61, 41, 77),
(91, '2023-01-07 01:02:18', 48, 35, 85),
(92, '2031-02-16 20:59:45', 9, 43, 39),
(93, '2028-09-06 21:13:26', 31, 63, 88),
(94, '2029-12-27 05:57:38', 100, 83, 95),
(95, '2025-03-13 05:24:56', 81, 9, 63),
(96, '2028-04-24 18:51:22', 15, 88, 11),
(97, '2029-04-08 22:18:24', 42, 22, 5),
(98, '2027-04-16 04:07:41', 76, 64, 96),
(99, '2030-09-08 22:35:14', 97, 6, 98),
(100, '2023-02-02 08:23:23', 97, 62, 100);

--
-- Indexes for dumped tables
--

--
-- Indexes for table `Admin`
--
ALTER TABLE `Admin`
  ADD PRIMARY KEY (`ID`);

--
-- Indexes for table `Course`
--
ALTER TABLE `Course`
  ADD PRIMARY KEY (`ID`),
  ADD KEY `creator_ID` (`creator_ID`);

--
-- Indexes for table `CourseTestDesigners`
--
ALTER TABLE `CourseTestDesigners`
  ADD PRIMARY KEY (`ID`),
  ADD KEY `course_ID` (`course_ID`),
  ADD KEY `testDesigner_ID` (`testDesigner_ID`);

--
-- Indexes for table `Customer`
--
ALTER TABLE `Customer`
  ADD PRIMARY KEY (`ID`),
  ADD KEY `current_package_ID` (`current_package_ID`);

--
-- Indexes for table `Package`
--
ALTER TABLE `Package`
  ADD PRIMARY KEY (`ID`),
  ADD UNIQUE KEY `package_name` (`package_name`),
  ADD KEY `creator_ID` (`creator_ID`);

--
-- Indexes for table `Promote`
--
ALTER TABLE `Promote`
  ADD PRIMARY KEY (`ID`),
  ADD KEY `admin_ID` (`admin_ID`),
  ADD KEY `customer_ID` (`customer_ID`),
  ADD KEY `package_ID` (`package_ID`);

--
-- Indexes for table `Question`
--
ALTER TABLE `Question`
  ADD PRIMARY KEY (`ID`),
  ADD KEY `creator_ID` (`creator_ID`);

--
-- Indexes for table `QuestionAttempt`
--
ALTER TABLE `QuestionAttempt`
  ADD PRIMARY KEY (`ID`),
  ADD KEY `question_ID` (`question_ID`),
  ADD KEY `responder_ID` (`responder_ID`);

--
-- Indexes for table `Responder`
--
ALTER TABLE `Responder`
  ADD PRIMARY KEY (`ID`),
  ADD KEY `creator_ID` (`creator_ID`);

--
-- Indexes for table `Support`
--
ALTER TABLE `Support`
  ADD PRIMARY KEY (`ID`),
  ADD KEY `creator_ID` (`creator_ID`);

--
-- Indexes for table `Tech`
--
ALTER TABLE `Tech`
  ADD PRIMARY KEY (`ID`),
  ADD KEY `creator_ID` (`creator_ID`);

--
-- Indexes for table `Test`
--
ALTER TABLE `Test`
  ADD PRIMARY KEY (`ID`),
  ADD KEY `course_ID` (`course_ID`);

--
-- Indexes for table `TestAttempt`
--
ALTER TABLE `TestAttempt`
  ADD PRIMARY KEY (`ID`),
  ADD KEY `test_ID` (`test_ID`),
  ADD KEY `responder_ID` (`responder_ID`);

--
-- Indexes for table `TestDesigner`
--
ALTER TABLE `TestDesigner`
  ADD PRIMARY KEY (`ID`),
  ADD KEY `creator_ID` (`creator_ID`);

--
-- Indexes for table `TestQuestions`
--
ALTER TABLE `TestQuestions`
  ADD PRIMARY KEY (`ID`),
  ADD KEY `test_ID` (`test_ID`),
  ADD KEY `question_ID` (`question_ID`);

--
-- Indexes for table `TestTestDesigners`
--
ALTER TABLE `TestTestDesigners`
  ADD PRIMARY KEY (`ID`),
  ADD KEY `test_ID` (`test_ID`),
  ADD KEY `test_designer_ID` (`test_designer_ID`);

--
-- Indexes for table `Ticket`
--
ALTER TABLE `Ticket`
  ADD PRIMARY KEY (`ID`),
  ADD KEY `creator_ID` (`creator_ID`),
  ADD KEY `support_ID` (`support_ID`),
  ADD KEY `tech_ID` (`tech_ID`);

--
-- Indexes for table `TicketRefer`
--
ALTER TABLE `TicketRefer`
  ADD PRIMARY KEY (`ID`),
  ADD KEY `ticket_ID` (`ticket_ID`),
  ADD KEY `support_ID` (`support_ID`),
  ADD KEY `tech_ID` (`tech_ID`);

--
-- AUTO_INCREMENT for dumped tables
--

--
-- AUTO_INCREMENT for table `Admin`
--
ALTER TABLE `Admin`
  MODIFY `ID` int(11) NOT NULL AUTO_INCREMENT, AUTO_INCREMENT=101;

--
-- AUTO_INCREMENT for table `Course`
--
ALTER TABLE `Course`
  MODIFY `ID` int(11) NOT NULL AUTO_INCREMENT, AUTO_INCREMENT=101;

--
-- AUTO_INCREMENT for table `CourseTestDesigners`
--
ALTER TABLE `CourseTestDesigners`
  MODIFY `ID` int(11) NOT NULL AUTO_INCREMENT, AUTO_INCREMENT=101;

--
-- AUTO_INCREMENT for table `Customer`
--
ALTER TABLE `Customer`
  MODIFY `ID` int(11) NOT NULL AUTO_INCREMENT, AUTO_INCREMENT=101;

--
-- AUTO_INCREMENT for table `Package`
--
ALTER TABLE `Package`
  MODIFY `ID` int(11) NOT NULL AUTO_INCREMENT, AUTO_INCREMENT=101;

--
-- AUTO_INCREMENT for table `Promote`
--
ALTER TABLE `Promote`
  MODIFY `ID` int(11) NOT NULL AUTO_INCREMENT, AUTO_INCREMENT=101;

--
-- AUTO_INCREMENT for table `Question`
--
ALTER TABLE `Question`
  MODIFY `ID` int(11) NOT NULL AUTO_INCREMENT, AUTO_INCREMENT=101;

--
-- AUTO_INCREMENT for table `QuestionAttempt`
--
ALTER TABLE `QuestionAttempt`
  MODIFY `ID` int(11) NOT NULL AUTO_INCREMENT, AUTO_INCREMENT=101;

--
-- AUTO_INCREMENT for table `Responder`
--
ALTER TABLE `Responder`
  MODIFY `ID` int(11) NOT NULL AUTO_INCREMENT, AUTO_INCREMENT=101;

--
-- AUTO_INCREMENT for table `Support`
--
ALTER TABLE `Support`
  MODIFY `ID` int(11) NOT NULL AUTO_INCREMENT, AUTO_INCREMENT=101;

--
-- AUTO_INCREMENT for table `Tech`
--
ALTER TABLE `Tech`
  MODIFY `ID` int(11) NOT NULL AUTO_INCREMENT, AUTO_INCREMENT=101;

--
-- AUTO_INCREMENT for table `Test`
--
ALTER TABLE `Test`
  MODIFY `ID` int(11) NOT NULL AUTO_INCREMENT, AUTO_INCREMENT=101;

--
-- AUTO_INCREMENT for table `TestAttempt`
--
ALTER TABLE `TestAttempt`
  MODIFY `ID` int(11) NOT NULL AUTO_INCREMENT, AUTO_INCREMENT=201;

--
-- AUTO_INCREMENT for table `TestDesigner`
--
ALTER TABLE `TestDesigner`
  MODIFY `ID` int(11) NOT NULL AUTO_INCREMENT, AUTO_INCREMENT=101;

--
-- AUTO_INCREMENT for table `TestQuestions`
--
ALTER TABLE `TestQuestions`
  MODIFY `ID` int(11) NOT NULL AUTO_INCREMENT, AUTO_INCREMENT=101;

--
-- AUTO_INCREMENT for table `TestTestDesigners`
--
ALTER TABLE `TestTestDesigners`
  MODIFY `ID` int(11) NOT NULL AUTO_INCREMENT, AUTO_INCREMENT=101;

--
-- AUTO_INCREMENT for table `Ticket`
--
ALTER TABLE `Ticket`
  MODIFY `ID` int(11) NOT NULL AUTO_INCREMENT, AUTO_INCREMENT=101;

--
-- AUTO_INCREMENT for table `TicketRefer`
--
ALTER TABLE `TicketRefer`
  MODIFY `ID` int(11) NOT NULL AUTO_INCREMENT, AUTO_INCREMENT=101;

--
-- Constraints for dumped tables
--

--
-- Constraints for table `Course`
--
ALTER TABLE `Course`
  ADD CONSTRAINT `course_ibfk_1` FOREIGN KEY (`creator_ID`) REFERENCES `Customer` (`ID`);

--
-- Constraints for table `CourseTestDesigners`
--
ALTER TABLE `CourseTestDesigners`
  ADD CONSTRAINT `coursetestdesigners_ibfk_1` FOREIGN KEY (`course_ID`) REFERENCES `Course` (`ID`),
  ADD CONSTRAINT `coursetestdesigners_ibfk_2` FOREIGN KEY (`testDesigner_ID`) REFERENCES `TestDesigner` (`ID`);

--
-- Constraints for table `Customer`
--
ALTER TABLE `Customer`
  ADD CONSTRAINT `customer_ibfk_1` FOREIGN KEY (`current_package_ID`) REFERENCES `Package` (`ID`);

--
-- Constraints for table `Package`
--
ALTER TABLE `Package`
  ADD CONSTRAINT `package_ibfk_1` FOREIGN KEY (`creator_ID`) REFERENCES `Admin` (`ID`);

--
-- Constraints for table `Promote`
--
ALTER TABLE `Promote`
  ADD CONSTRAINT `promote_ibfk_1` FOREIGN KEY (`admin_ID`) REFERENCES `Admin` (`ID`),
  ADD CONSTRAINT `promote_ibfk_2` FOREIGN KEY (`customer_ID`) REFERENCES `Customer` (`ID`),
  ADD CONSTRAINT `promote_ibfk_3` FOREIGN KEY (`package_ID`) REFERENCES `Package` (`ID`);

--
-- Constraints for table `Question`
--
ALTER TABLE `Question`
  ADD CONSTRAINT `question_ibfk_1` FOREIGN KEY (`creator_ID`) REFERENCES `TestDesigner` (`ID`);

--
-- Constraints for table `QuestionAttempt`
--
ALTER TABLE `QuestionAttempt`
  ADD CONSTRAINT `questionattempt_ibfk_1` FOREIGN KEY (`question_ID`) REFERENCES `Question` (`ID`),
  ADD CONSTRAINT `questionattempt_ibfk_2` FOREIGN KEY (`responder_ID`) REFERENCES `Responder` (`ID`);

--
-- Constraints for table `Responder`
--
ALTER TABLE `Responder`
  ADD CONSTRAINT `responder_ibfk_1` FOREIGN KEY (`creator_ID`) REFERENCES `TestDesigner` (`ID`);

--
-- Constraints for table `Support`
--
ALTER TABLE `Support`
  ADD CONSTRAINT `support_ibfk_1` FOREIGN KEY (`creator_ID`) REFERENCES `Admin` (`ID`);

--
-- Constraints for table `Tech`
--
ALTER TABLE `Tech`
  ADD CONSTRAINT `tech_ibfk_1` FOREIGN KEY (`creator_ID`) REFERENCES `Admin` (`ID`);

--
-- Constraints for table `Test`
--
ALTER TABLE `Test`
  ADD CONSTRAINT `test_ibfk_1` FOREIGN KEY (`course_ID`) REFERENCES `Course` (`ID`);

--
-- Constraints for table `TestAttempt`
--
ALTER TABLE `TestAttempt`
  ADD CONSTRAINT `testattempt_ibfk_1` FOREIGN KEY (`test_ID`) REFERENCES `Test` (`ID`),
  ADD CONSTRAINT `testattempt_ibfk_2` FOREIGN KEY (`responder_ID`) REFERENCES `Responder` (`ID`);

--
-- Constraints for table `TestDesigner`
--
ALTER TABLE `TestDesigner`
  ADD CONSTRAINT `testdesigner_ibfk_1` FOREIGN KEY (`creator_ID`) REFERENCES `Customer` (`ID`);

--
-- Constraints for table `TestQuestions`
--
ALTER TABLE `TestQuestions`
  ADD CONSTRAINT `testquestions_ibfk_1` FOREIGN KEY (`test_ID`) REFERENCES `Test` (`ID`),
  ADD CONSTRAINT `testquestions_ibfk_2` FOREIGN KEY (`question_ID`) REFERENCES `TestDesigner` (`ID`);

--
-- Constraints for table `TestTestDesigners`
--
ALTER TABLE `TestTestDesigners`
  ADD CONSTRAINT `testtestdesigners_ibfk_1` FOREIGN KEY (`test_ID`) REFERENCES `Test` (`ID`),
  ADD CONSTRAINT `testtestdesigners_ibfk_2` FOREIGN KEY (`test_designer_ID`) REFERENCES `TestDesigner` (`ID`);

--
-- Constraints for table `Ticket`
--
ALTER TABLE `Ticket`
  ADD CONSTRAINT `ticket_ibfk_1` FOREIGN KEY (`creator_ID`) REFERENCES `Customer` (`ID`),
  ADD CONSTRAINT `ticket_ibfk_2` FOREIGN KEY (`support_ID`) REFERENCES `Support` (`ID`),
  ADD CONSTRAINT `ticket_ibfk_3` FOREIGN KEY (`tech_ID`) REFERENCES `Tech` (`ID`);

--
-- Constraints for table `TicketRefer`
--
ALTER TABLE `TicketRefer`
  ADD CONSTRAINT `ticketrefer_ibfk_1` FOREIGN KEY (`ticket_ID`) REFERENCES `Ticket` (`ID`),
  ADD CONSTRAINT `ticketrefer_ibfk_2` FOREIGN KEY (`support_ID`) REFERENCES `Support` (`ID`),
  ADD CONSTRAINT `ticketrefer_ibfk_3` FOREIGN KEY (`tech_ID`) REFERENCES `Tech` (`ID`);
COMMIT;

/*!40101 SET CHARACTER_SET_CLIENT=@OLD_CHARACTER_SET_CLIENT */;
/*!40101 SET CHARACTER_SET_RESULTS=@OLD_CHARACTER_SET_RESULTS */;
/*!40101 SET COLLATION_CONNECTION=@OLD_COLLATION_CONNECTION */;
